

Microchip Technology PIC18 LITE Macro Assembler V1.44 build -154322312 
                                                                                               Sat Dec 16 21:44:00 2017

Microchip Technology Omniscient Code Generator v1.44 (Free mode) build 201709140600
     1                           	processor	18F252
     2                           	fnconf	rparam,??,?,0
     3                           	opt	pw 120
     4                           	opt	lm
     5                           	psect	idataCOMRAM,global,class=CODE,delta=1,noexec
     6                           	psect	smallconst,global,reloc=2,class=SMALLCONST,delta=1,noexec
     7                           	psect	cinit,global,reloc=2,class=CODE,delta=1
     8                           	psect	bssCOMRAM,global,class=COMRAM,space=1,delta=1,noexec
     9                           	psect	dataCOMRAM,global,class=COMRAM,space=1,delta=1,noexec
    10                           	psect	cstackBANK0,global,class=BANK0,space=1,delta=1,noexec
    11                           	psect	cstackCOMRAM,global,class=COMRAM,space=1,delta=1,noexec
    12                           	psect	text0,global,reloc=2,class=CODE,delta=1
    13                           	psect	text1,global,reloc=2,class=CODE,delta=1
    14                           	psect	text2,global,reloc=2,class=CODE,delta=1,group=1
    15                           	psect	text3,global,reloc=2,class=CODE,delta=1,group=1
    16                           	psect	text4,global,reloc=2,class=CODE,delta=1,group=1
    17                           	psect	text5,global,reloc=2,class=CODE,delta=1,group=1
    18                           	psect	text6,global,reloc=2,class=CODE,delta=1,group=1
    19                           	psect	text7,global,reloc=2,class=CODE,delta=1,group=1
    20                           	psect	text8,global,reloc=2,class=CODE,delta=1,group=1
    21                           	psect	text9,global,reloc=2,class=CODE,delta=1,group=1
    22                           	psect	text10,global,reloc=2,class=CODE,delta=1,group=1
    23                           	psect	text11,global,reloc=2,class=CODE,delta=1,group=1
    24                           	psect	text12,global,reloc=2,class=CODE,delta=1
    25                           	psect	text13,global,reloc=2,class=CODE,delta=1
    26                           	psect	text14,global,reloc=2,class=CODE,delta=1
    27                           	psect	text15,global,reloc=2,class=CODE,delta=1
    28                           	psect	text16,global,reloc=2,class=CODE,delta=1
    29                           	psect	intcode,global,reloc=2,class=CODE,delta=1
    30                           	psect	text18,global,reloc=2,class=CODE,delta=1
    31                           	psect	text19,global,reloc=2,class=CODE,delta=1
    32                           	psect	text20,global,reloc=2,class=CODE,delta=1
    33                           	psect	text21,global,reloc=2,class=CODE,delta=1
    34                           	psect	text22,global,reloc=2,class=CODE,delta=1
    35                           	psect	text23,global,reloc=2,class=CODE,delta=1
    36                           	psect	text24,global,reloc=2,class=CODE,delta=1
    37                           	psect	text25,global,reloc=2,class=CODE,delta=1
    38                           	psect	text26,global,reloc=2,class=CODE,delta=1
    39                           	psect	text27,global,reloc=2,class=CODE,delta=1
    40                           	psect	intsave_regs,global,class=BIGRAM,space=1,delta=1,noexec
    41                           	psect	rparam,global,class=COMRAM,space=1,delta=1,noexec
    42                           	psect	temp,global,ovrld,common,class=COMRAM,space=1,delta=1
    43  0000                     
    44                           ; Version 1.44
    45                           ; Generated 14/09/2017 GMT
    46                           ; 
    47                           ; Copyright © 2017, Microchip Technology Inc. and its subsidiaries ("Microchip")
    48                           ; All rights reserved.
    49                           ; 
    50                           ; This software is developed by Microchip Technology Inc. and its subsidiaries ("Microch
      +                          ip").
    51                           ; 
    52                           ; Redistribution and use in source and binary forms, with or without modification, are
    53                           ; permitted provided that the following conditions are met:
    54                           ; 
    55                           ;     1. Redistributions of source code must retain the above copyright notice, this lis
      +                          t of
    56                           ;        conditions and the following disclaimer.
    57                           ; 
    58                           ;     2. Redistributions in binary form must reproduce the above copyright notice, this 
      +                          list
    59                           ;        of conditions and the following disclaimer in the documentation and/or other
    60                           ;        materials provided with the distribution.
    61                           ; 
    62                           ;     3. Microchip's name may not be used to endorse or promote products derived from th
      +                          is
    63                           ;        software without specific prior written permission.
    64                           ; 
    65                           ; THIS SOFTWARE IS PROVIDED BY MICROCHIP "AS IS" AND ANY EXPRESS OR IMPLIED WARRANTIES,
    66                           ; INCLUDING, BUT NOT LIMITED TO, THE IMPLIED WARRANTIES OF MERCHANTABILITY AND FITNESS F
      +                          OR
    67                           ; PURPOSE ARE DISCLAIMED.  IN NO EVENT SHALL MICROCHIP BE LIABLE FOR ANY DIRECT, INDIREC
      +                          T,
    68                           ; INCIDENTAL, SPECIAL, EXEMPLARY, OR CONSEQUENTIAL DAMAGES (INCLUDING BUT NOT LIMITED TO
    69                           ; PROCUREMENT OF SUBSTITUTE GOODS OR SERVICES; LOSS OF USE, DATA OR PROFITS; OR BUSINESS
    70                           ; INTERRUPTION) HOWSOEVER CAUSED AND ON ANY THEORY OF LIABILITY, WHETHER IN CONTRACT, ST
      +                          RICT
    71                           ; LIABILITY, OR TORT (INCLUDING NEGLIGENCE OR OTHERWISE) ARISING IN ANY WAY OUT OF THE U
      +                          SE OF
    72                           ; THIS SOFTWARE, EVEN IF ADVISED OF THE POSSIBILITY OF SUCH DAMAGE.
    73                           ; 
    74                           ; 
    75                           ; Code-generator required, PIC18F252 Definitions
    76                           ; 
    77                           ; SFR Addresses
    78  0000                     
    79                           	psect	idataCOMRAM
    80  0017E8                     __pidataCOMRAM:
    81                           	opt stack 0
    82                           
    83                           ;initializer for uart_write_date@F2414
    84  0017E8  2C                 	db	low STR_6
    85  0017E9  06                 	db	high STR_6
    86  0017EA  1D                 	db	low STR_7
    87  0017EB  06                 	db	high STR_7
    88  0017EC  01                 	db	low STR_8
    89  0017ED  06                 	db	high STR_8
    90  0017EE  14                 	db	low STR_9
    91  0017EF  06                 	db	high STR_9
    92  0017F0  25                 	db	low STR_10
    93  0017F1  06                 	db	high STR_10
    94  0017F2  0B                 	db	low STR_11
    95  0017F3  06                 	db	high STR_11
    96  0017F4  33                 	db	low STR_12
    97  0017F5  06                 	db	high STR_12
    98  0000                     _TXREG	set	4013
    99  0000                     _RCREG	set	4014
   100  0000                     _TRISCbits	set	3988
   101  0000                     _RCSTAbits	set	4011
   102  0000                     _TXSTAbits	set	4012
   103  0000                     _SPBRG	set	4015
   104  0000                     _PR2	set	4043
   105  0000                     _INTCONbits	set	4082
   106  0000                     _PIE1bits	set	3997
   107  0000                     _RCONbits	set	4048
   108  0000                     _T0CONbits	set	4053
   109  0000                     _INTCON	set	4082
   110  0000                     _PIE1	set	3997
   111  0000                     _ADCON1	set	4033
   112  0000                     _TRISC	set	3988
   113  0000                     _TRISB	set	3987
   114  0000                     _TRISA	set	3986
   115  0000                     _PIR1bits	set	3998
   116  0000                     _T2CONbits	set	4042
   117  0000                     _LATB4	set	31828
   118  0000                     _LATB0	set	31824
   119  0000                     _LATB1	set	31825
   120  0000                     _LATC2	set	31834
   121  0000                     _LATC3	set	31835
   122  0000                     _LATC4	set	31836
   123  0000                     _LATC5	set	31837
   124  0000                     _LATB2	set	31826
   125  0000                     _LATB3	set	31827
   126  0000                     _LATB5	set	31829
   127  0000                     _TRISB3	set	31899
   128  0000                     _TRISB2	set	31898
   129  0000                     _TRISC5	set	31909
   130  0000                     _TRISC4	set	31908
   131  0000                     _TRISC3	set	31907
   132  0000                     _TRISC2	set	31906
   133  0000                     _TRISB1	set	31897
   134  0000                     _TRISB0	set	31896
   135  0000                     _TRISB4	set	31900
   136  0000                     _TRISB5	set	31901
   137  0000                     _LATA0	set	31816
   138                           
   139                           	psect	smallconst
   140  000600                     __psmallconst:
   141                           	opt stack 0
   142  000600  00                 	db	0
   143  000601                     STR_8:
   144  000601  57                 	db	87	;'W'
   145  000602  65                 	db	101	;'e'
   146  000603  64                 	db	100	;'d'
   147  000604  6E                 	db	110	;'n'
   148  000605  65                 	db	101	;'e'
   149  000606  73                 	db	115	;'s'
   150  000607  64                 	db	100	;'d'
   151  000608  61                 	db	97	;'a'
   152  000609  79                 	db	121	;'y'
   153  00060A  00                 	db	0
   154  00060B                     STR_11:
   155  00060B  53                 	db	83	;'S'
   156  00060C  61                 	db	97	;'a'
   157  00060D  74                 	db	116	;'t'
   158  00060E  75                 	db	117	;'u'
   159  00060F  72                 	db	114	;'r'
   160  000610  64                 	db	100	;'d'
   161  000611  61                 	db	97	;'a'
   162  000612  79                 	db	121	;'y'
   163  000613  00                 	db	0
   164  000614                     STR_9:
   165  000614  54                 	db	84	;'T'
   166  000615  68                 	db	104	;'h'
   167  000616  75                 	db	117	;'u'
   168  000617  72                 	db	114	;'r'
   169  000618  73                 	db	115	;'s'
   170  000619  64                 	db	100	;'d'
   171  00061A  61                 	db	97	;'a'
   172  00061B  79                 	db	121	;'y'
   173  00061C  00                 	db	0
   174  00061D                     STR_7:
   175  00061D  54                 	db	84	;'T'
   176  00061E  75                 	db	117	;'u'
   177  00061F  65                 	db	101	;'e'
   178  000620  73                 	db	115	;'s'
   179  000621  64                 	db	100	;'d'
   180  000622  61                 	db	97	;'a'
   181  000623  79                 	db	121	;'y'
   182  000624  00                 	db	0
   183  000625                     STR_10:
   184  000625  46                 	db	70	;'F'
   185  000626  72                 	db	114	;'r'
   186  000627  69                 	db	105	;'i'
   187  000628  64                 	db	100	;'d'
   188  000629  61                 	db	97	;'a'
   189  00062A  79                 	db	121	;'y'
   190  00062B  00                 	db	0
   191  00062C                     STR_6:
   192  00062C  4D                 	db	77	;'M'
   193  00062D  6F                 	db	111	;'o'
   194  00062E  6E                 	db	110	;'n'
   195  00062F  64                 	db	100	;'d'
   196  000630  61                 	db	97	;'a'
   197  000631  79                 	db	121	;'y'
   198  000632  00                 	db	0
   199  000633                     STR_12:
   200  000633  53                 	db	83	;'S'
   201  000634  75                 	db	117	;'u'
   202  000635  6E                 	db	110	;'n'
   203  000636  64                 	db	100	;'d'
   204  000637  61                 	db	97	;'a'
   205  000638  79                 	db	121	;'y'
   206  000639  00                 	db	0
   207  00063A  20                 	db	32
   208  00063B  00                 	db	0
   209  00063C                     STR_1:
   210  00063C  2F                 	db	47
   211  00063D  00                 	db	0
   212  00063E                     STR_4:
   213  00063E  3A                 	db	58	;':'
   214  00063F  00                 	db	0
   215  0000                     
   216                           ; #config settings
   217  000640  00                 	db	0	; dummy byte at the end
   218  0000                     
   219                           	psect	cinit
   220  001762                     __pcinit:
   221                           	opt stack 0
   222  001762                     start_initialization:
   223                           	opt stack 0
   224  001762                     __initialization:
   225                           	opt stack 0
   226                           
   227                           ; Initialize objects allocated to COMRAM (14 bytes)
   228                           ; load TBLPTR registers with __pidataCOMRAM
   229  001762  0EE8               	movlw	low __pidataCOMRAM
   230  001764  6EF6               	movwf	tblptrl,c
   231  001766  0E17               	movlw	high __pidataCOMRAM
   232  001768  6EF7               	movwf	tblptrh,c
   233  00176A  0E00               	movlw	low (__pidataCOMRAM shr (0+16))
   234  00176C  6EF8               	movwf	tblptru,c
   235  00176E  EE00  F038         	lfsr	0,__pdataCOMRAM
   236  001772  EE10 F00E          	lfsr	1,14
   237  001776                     copy_data0:
   238  001776  0009               	tblrd		*+
   239  001778  CFF5 FFEE          	movff	tablat,postinc0
   240  00177C  50E5               	movf	postdec1,w,c
   241  00177E  50E1               	movf	fsr1l,w,c
   242  001780  E1FA               	bnz	copy_data0
   243                           
   244                           ; Clear objects allocated to COMRAM (11 bytes)
   245  001782  EE00  F046         	lfsr	0,__pbssCOMRAM
   246  001786  0E0B               	movlw	11
   247  001788                     clear_0:
   248  001788  6AEE               	clrf	postinc0,c
   249  00178A  06E8               	decf	wreg,f,c
   250  00178C  E1FD               	bnz	clear_0
   251  00178E                     end_of_initialization:
   252                           	opt stack 0
   253  00178E                     __end_of__initialization:
   254                           	opt stack 0
   255  00178E  9051               	bcf	int$flags,0,c	;clear compiler interrupt flag (level 1)
   256  001790  9251               	bcf	int$flags,1,c	;clear compiler interrupt flag (level 2)
   257  001792  0E00               	movlw	low (__Lmediumconst shr (0+16))
   258  001794  6EF8               	movwf	tblptru,c
   259  001796  0100               	movlb	0
   260  001798  EFCC  F00A         	goto	_main	;jump to C main() function
   261                           tblptru	equ	0xFF8
   262                           tblptrh	equ	0xFF7
   263                           tblptrl	equ	0xFF6
   264                           tablat	equ	0xFF5
   265                           postinc0	equ	0xFEE
   266                           wreg	equ	0xFE8
   267                           postdec1	equ	0xFE5
   268                           fsr1l	equ	0xFE1
   269                           
   270                           	psect	bssCOMRAM
   271  000046                     __pbssCOMRAM:
   272                           	opt stack 0
   273  000046                     _errno:
   274                           	opt stack 0
   275  000046                     	ds	2
   276  000048                     timer2_irq@CntTmr1:
   277                           	opt stack 0
   278  000048                     	ds	2
   279  00004A                     _t:
   280                           	opt stack 0
   281  00004A                     	ds	7
   282                           tblptru	equ	0xFF8
   283                           tblptrh	equ	0xFF7
   284                           tblptrl	equ	0xFF6
   285                           tablat	equ	0xFF5
   286                           postinc0	equ	0xFEE
   287                           wreg	equ	0xFE8
   288                           postdec1	equ	0xFE5
   289                           fsr1l	equ	0xFE1
   290                           
   291                           	psect	dataCOMRAM
   292  000038                     __pdataCOMRAM:
   293                           	opt stack 0
   294  000038                     uart_write_date@F2414:
   295                           	opt stack 0
   296  000038                     	ds	14
   297                           tblptru	equ	0xFF8
   298                           tblptrh	equ	0xFF7
   299                           tblptrl	equ	0xFF6
   300                           tablat	equ	0xFF5
   301                           postinc0	equ	0xFEE
   302                           wreg	equ	0xFE8
   303                           postdec1	equ	0xFE5
   304                           fsr1l	equ	0xFE1
   305                           
   306                           	psect	cstackBANK0
   307  000080                     __pcstackBANK0:
   308                           	opt stack 0
   309  000080                     ??_lcd_2x16_write:
   310  000080                     ?___lltoft:
   311                           	opt stack 0
   312  000080                     ___fttol@sign1:
   313                           	opt stack 0
   314  000080                     ___lltoft@c:
   315                           	opt stack 0
   316                           
   317                           ; 4 bytes @ 0x0
   318  000080                     	ds	1
   319  000081                     ___fttol@lval:
   320                           	opt stack 0
   321                           
   322                           ; 4 bytes @ 0x1
   323  000081                     	ds	3
   324  000084                     ??___lltoft:
   325                           
   326                           ; 1 bytes @ 0x4
   327  000084                     	ds	1
   328  000085                     ___fttol@exp1:
   329                           	opt stack 0
   330                           
   331                           ; 1 bytes @ 0x5
   332  000085                     	ds	1
   333  000086                     ?___altoft:
   334                           	opt stack 0
   335  000086                     ___altoft@c:
   336                           	opt stack 0
   337                           
   338                           ; 4 bytes @ 0x6
   339  000086                     	ds	2
   340  000088                     ?___ftmul:
   341                           	opt stack 0
   342  000088                     ___ftmul@f1:
   343                           	opt stack 0
   344                           
   345                           ; 3 bytes @ 0x8
   346  000088                     	ds	2
   347  00008A                     ??___altoft:
   348                           
   349                           ; 1 bytes @ 0xA
   350  00008A                     	ds	1
   351  00008B                     ___ftmul@f2:
   352                           	opt stack 0
   353                           
   354                           ; 3 bytes @ 0xB
   355  00008B                     	ds	3
   356  00008E                     ??___ftmul:
   357  00008E                     ___altoft@exp:
   358                           	opt stack 0
   359                           
   360                           ; 1 bytes @ 0xE
   361  00008E                     	ds	1
   362  00008F                     ___altoft@sign:
   363                           	opt stack 0
   364                           
   365                           ; 1 bytes @ 0xF
   366  00008F                     	ds	2
   367  000091                     ___ftmul@exp:
   368                           	opt stack 0
   369                           
   370                           ; 1 bytes @ 0x11
   371  000091                     	ds	1
   372  000092                     ___ftmul@f3_as_product:
   373                           	opt stack 0
   374                           
   375                           ; 3 bytes @ 0x12
   376  000092                     	ds	3
   377  000095                     ___ftmul@cntr:
   378                           	opt stack 0
   379                           
   380                           ; 1 bytes @ 0x15
   381  000095                     	ds	1
   382  000096                     ___ftmul@sign:
   383                           	opt stack 0
   384                           
   385                           ; 1 bytes @ 0x16
   386  000096                     	ds	1
   387  000097                     ?___ftdiv:
   388                           	opt stack 0
   389  000097                     ___ftdiv@f1:
   390                           	opt stack 0
   391                           
   392                           ; 3 bytes @ 0x17
   393  000097                     	ds	3
   394  00009A                     ___ftdiv@f2:
   395                           	opt stack 0
   396                           
   397                           ; 3 bytes @ 0x1A
   398  00009A                     	ds	3
   399  00009D                     ??___ftdiv:
   400                           
   401                           ; 1 bytes @ 0x1D
   402  00009D                     	ds	3
   403  0000A0                     ___ftdiv@cntr:
   404                           	opt stack 0
   405                           
   406                           ; 1 bytes @ 0x20
   407  0000A0                     	ds	1
   408  0000A1                     ___ftdiv@f3:
   409                           	opt stack 0
   410                           
   411                           ; 3 bytes @ 0x21
   412  0000A1                     	ds	3
   413  0000A4                     ___ftdiv@exp:
   414                           	opt stack 0
   415                           
   416                           ; 1 bytes @ 0x24
   417  0000A4                     	ds	1
   418  0000A5                     ___ftdiv@sign:
   419                           	opt stack 0
   420                           
   421                           ; 1 bytes @ 0x25
   422  0000A5                     	ds	1
   423  0000A6                     ?___ftadd:
   424                           	opt stack 0
   425  0000A6                     ___ftadd@f1:
   426                           	opt stack 0
   427                           
   428                           ; 3 bytes @ 0x26
   429  0000A6                     	ds	3
   430  0000A9                     ___ftadd@f2:
   431                           	opt stack 0
   432                           
   433                           ; 3 bytes @ 0x29
   434  0000A9                     	ds	3
   435  0000AC                     ??___ftadd:
   436                           
   437                           ; 1 bytes @ 0x2C
   438  0000AC                     	ds	3
   439  0000AF                     ___ftadd@sign:
   440                           	opt stack 0
   441                           
   442                           ; 1 bytes @ 0x2F
   443  0000AF                     	ds	1
   444  0000B0                     ___ftadd@exp2:
   445                           	opt stack 0
   446                           
   447                           ; 1 bytes @ 0x30
   448  0000B0                     	ds	1
   449  0000B1                     ___ftadd@exp1:
   450                           	opt stack 0
   451                           
   452                           ; 1 bytes @ 0x31
   453  0000B1                     	ds	1
   454  0000B2                     ?_ceil:
   455                           	opt stack 0
   456  0000B2                     ceil@x:
   457                           	opt stack 0
   458                           
   459                           ; 3 bytes @ 0x32
   460  0000B2                     	ds	3
   461  0000B5                     ceil@i:
   462                           	opt stack 0
   463                           
   464                           ; 3 bytes @ 0x35
   465  0000B5                     	ds	3
   466  0000B8                     ceil@expon:
   467                           	opt stack 0
   468                           
   469                           ; 2 bytes @ 0x38
   470  0000B8                     	ds	2
   471  0000BA                     uart_init@baudrate:
   472                           	opt stack 0
   473                           
   474                           ; 4 bytes @ 0x3A
   475  0000BA                     	ds	4
   476  0000BE                     uart_init@opt:
   477                           	opt stack 0
   478                           
   479                           ; 2 bytes @ 0x3E
   480  0000BE                     	ds	2
   481  0000C0                     uart_init@UART_BRG:
   482                           	opt stack 0
   483                           
   484                           ; 3 bytes @ 0x40
   485  0000C0                     	ds	3
   486  0000C3                     _uart_init$1710:
   487                           	opt stack 0
   488                           
   489                           ; 3 bytes @ 0x43
   490  0000C3                     	ds	3
   491  0000C6                     uart_init@uart_id:
   492                           	opt stack 0
   493                           
   494                           ; 1 bytes @ 0x46
   495  0000C6                     	ds	1
   496                           tblptru	equ	0xFF8
   497                           tblptrh	equ	0xFF7
   498                           tblptrl	equ	0xFF6
   499                           tablat	equ	0xFF5
   500                           postinc0	equ	0xFEE
   501                           wreg	equ	0xFE8
   502                           postdec1	equ	0xFE5
   503                           fsr1l	equ	0xFE1
   504                           
   505                           	psect	cstackCOMRAM
   506  000001                     __pcstackCOMRAM:
   507                           	opt stack 0
   508  000001                     uart_write@data:
   509                           	opt stack 0
   510  000001                     dec_2_bcd@dec:
   511                           	opt stack 0
   512  000001                     clock_update@t:
   513                           	opt stack 0
   514  000001                     i2delay_us@loop:
   515                           	opt stack 0
   516                           
   517                           ; 2 bytes @ 0x0
   518  000001                     	ds	1
   519  000002                     uart_write@uart_id:
   520                           	opt stack 0
   521                           
   522                           ; 1 bytes @ 0x1
   523  000002                     	ds	1
   524  000003                     dec_2_bcd@bcd:
   525                           	opt stack 0
   526  000003                     i2delay_us@i:
   527                           	opt stack 0
   528                           
   529                           ; 2 bytes @ 0x2
   530  000003                     	ds	2
   531  000005                     uart_write_u8@data:
   532                           	opt stack 0
   533  000005                     i2delay_us@k:
   534                           	opt stack 0
   535                           
   536                           ; 2 bytes @ 0x4
   537  000005                     	ds	1
   538  000006                     uart_write_u8@opt:
   539                           	opt stack 0
   540                           
   541                           ; 1 bytes @ 0x5
   542  000006                     	ds	1
   543  000007                     i2lcd_2x16_write@data:
   544                           	opt stack 0
   545  000007                     uart_write_u8@bcd:
   546                           	opt stack 0
   547                           
   548                           ; 5 bytes @ 0x6
   549  000007                     	ds	2
   550  000009                     i2lcd_2x16_write@rs:
   551                           	opt stack 0
   552                           
   553                           ; 1 bytes @ 0x8
   554  000009                     	ds	1
   555  00000A                     ??i2_lcd_2x16_write:
   556                           
   557                           ; 1 bytes @ 0x9
   558  00000A                     	ds	2
   559  00000C                     uart_write_u8@uart_id:
   560                           	opt stack 0
   561                           
   562                           ; 1 bytes @ 0xB
   563  00000C                     	ds	1
   564  00000D                     lcd_2x16_position@pos:
   565                           	opt stack 0
   566  00000D                     lcd_2x16_write_string@string:
   567                           	opt stack 0
   568  00000D                     lcd_2x16_write_2bcd@data:
   569                           	opt stack 0
   570                           
   571                           ; 2 bytes @ 0xC
   572  00000D                     	ds	1
   573  00000E                     lcd_2x16_position@ligne:
   574                           	opt stack 0
   575                           
   576                           ; 1 bytes @ 0xD
   577  00000E                     	ds	1
   578  00000F                     lcd_2x16_write_2bcd@bcd:
   579                           	opt stack 0
   580                           
   581                           ; 5 bytes @ 0xE
   582  00000F                     	ds	5
   583  000014                     lcd_write_hour@t:
   584                           	opt stack 0
   585                           
   586                           ; 7 bytes @ 0x13
   587  000014                     	ds	7
   588  00001B                     lcd_write_hour@ligne:
   589                           	opt stack 0
   590                           
   591                           ; 1 bytes @ 0x1A
   592  00001B                     	ds	1
   593  00001C                     lcd_write_hour@pos:
   594                           	opt stack 0
   595                           
   596                           ; 1 bytes @ 0x1B
   597  00001C                     	ds	1
   598  00001D                     ??_timer2_irq:
   599                           
   600                           ; 1 bytes @ 0x1C
   601  00001D                     	ds	18
   602  00002F                     ?___ftpack:
   603                           	opt stack 0
   604  00002F                     ?___fttol:
   605                           	opt stack 0
   606  00002F                     delay_us@loop:
   607                           	opt stack 0
   608  00002F                     delay_ms@loop:
   609                           	opt stack 0
   610  00002F                     timer2_init@timer:
   611                           	opt stack 0
   612  00002F                     ___ftpack@arg:
   613                           	opt stack 0
   614  00002F                     frexp@value:
   615                           	opt stack 0
   616  00002F                     ___ftge@ff1:
   617                           	opt stack 0
   618  00002F                     ___fttol@f1:
   619                           	opt stack 0
   620                           
   621                           ; 3 bytes @ 0x2E
   622  00002F                     	ds	2
   623  000031                     ??_timer2_init:
   624  000031                     delay_us@i:
   625                           	opt stack 0
   626  000031                     delay_ms@i:
   627                           	opt stack 0
   628                           
   629                           ; 2 bytes @ 0x30
   630  000031                     	ds	1
   631  000032                     timer2_init@scaler:
   632                           	opt stack 0
   633  000032                     ___ftpack@exp:
   634                           	opt stack 0
   635  000032                     frexp@eptr:
   636                           	opt stack 0
   637  000032                     ___ftge@ff2:
   638                           	opt stack 0
   639                           
   640                           ; 3 bytes @ 0x31
   641  000032                     	ds	1
   642  000033                     ??___fttol:
   643  000033                     ___ftpack@sign:
   644                           	opt stack 0
   645  000033                     delay_us@k:
   646                           	opt stack 0
   647  000033                     delay_ms@k:
   648                           	opt stack 0
   649                           
   650                           ; 2 bytes @ 0x32
   651  000033                     	ds	1
   652  000034                     ??___ftpack:
   653  000034                     ??_frexp:
   654                           
   655                           ; 1 bytes @ 0x33
   656  000034                     	ds	1
   657  000035                     ??___ftge:
   658  000035                     lcd_2x16_write@data:
   659                           	opt stack 0
   660                           
   661                           ; 2 bytes @ 0x34
   662  000035                     	ds	2
   663  000037                     lcd_2x16_write@rs:
   664                           	opt stack 0
   665  000037                     ___lltoft@exp:
   666                           	opt stack 0
   667                           
   668                           ; 1 bytes @ 0x36
   669  000037                     	ds	1
   670  000038                     tblptru	equ	0xFF8
   671                           tblptrh	equ	0xFF7
   672                           tblptrl	equ	0xFF6
   673                           tablat	equ	0xFF5
   674                           postinc0	equ	0xFEE
   675                           wreg	equ	0xFE8
   676                           postdec1	equ	0xFE5
   677                           fsr1l	equ	0xFE1
   678                           
   679                           ; 1 bytes @ 0x37
   680 ;;
   681 ;;Main: autosize = 0, tempsize = 0, incstack = 0, save=0
   682 ;;
   683 ;; *************** function _main *****************
   684 ;; Defined at:
   685 ;;		line 53 in file "../main.c"
   686 ;; Parameters:    Size  Location     Type
   687 ;;		None
   688 ;; Auto vars:     Size  Location     Type
   689 ;;		None
   690 ;; Return value:  Size  Location     Type
   691 ;;                  1    wreg      void 
   692 ;; Registers used:
   693 ;;		wreg, fsr2l, fsr2h, status,2, status,0, cstack
   694 ;; Tracked objects:
   695 ;;		On entry : 0/0
   696 ;;		On exit  : 0/0
   697 ;;		Unchanged: 0/0
   698 ;; Data sizes:     COMRAM   BANK0   BANK1   BANK2   BANK3   BANK4   BANK5
   699 ;;      Params:         0       0       0       0       0       0       0
   700 ;;      Locals:         0       0       0       0       0       0       0
   701 ;;      Temps:          0       0       0       0       0       0       0
   702 ;;      Totals:         0       0       0       0       0       0       0
   703 ;;Total ram usage:        0 bytes
   704 ;; Hardware stack levels required when called:    9
   705 ;; This function calls:
   706 ;;		_lcd_2x16_init
   707 ;;		_timer2_init
   708 ;;		_uart_init
   709 ;; This function is called by:
   710 ;;		Startup code after reset
   711 ;; This function uses a non-reentrant model
   712 ;;
   713                           
   714                           	psect	text0
   715  001598                     __ptext0:
   716                           	opt stack 0
   717  001598                     _main:
   718                           	opt stack 0
   719  001598  FFFF               	dw	65535	; assembler added errata NOP
   720                           
   721                           ;main.c: 55: TRISA = 0b00000000;
   722                           
   723                           ;incstack = 0
   724  00159A  0E00               	movlw	0
   725  00159C  6E92               	movwf	3986,c	;volatile
   726                           
   727                           ;main.c: 56: TRISB = 0x00;
   728  00159E  0E00               	movlw	0
   729  0015A0  6E93               	movwf	3987,c	;volatile
   730                           
   731                           ;main.c: 57: TRISC = 0x00;
   732  0015A2  0E00               	movlw	0
   733  0015A4  6E94               	movwf	3988,c	;volatile
   734                           
   735                           ;main.c: 58: ADCON1 = 0x07;
   736  0015A6  0E07               	movlw	7
   737  0015A8  6EC1               	movwf	4033,c	;volatile
   738                           
   739                           ;main.c: 61: timer2_init( 4, 255);
   740  0015AA  0E00               	movlw	0
   741  0015AC  6E30               	movwf	timer2_init@timer+1,c
   742  0015AE  682F               	setf	timer2_init@timer,c
   743  0015B0  0E04               	movlw	4
   744  0015B2  ECCE  F00B         	call	_timer2_init
   745                           
   746                           ;main.c: 64: uart_init(UART_ID_1, 115200, 0);
   747  0015B6  0E00               	movlw	0
   748  0015B8  0100               	movlb	0	; () banked
   749  0015BA  6FBA               	movwf	uart_init@baudrate& (0+255),b
   750  0015BC  0EC2               	movlw	194
   751  0015BE  6FBB               	movwf	(uart_init@baudrate+1)& (0+255),b
   752  0015C0  0E01               	movlw	1
   753  0015C2  6FBC               	movwf	(uart_init@baudrate+2)& (0+255),b
   754  0015C4  0E00               	movlw	0
   755  0015C6  6FBD               	movwf	(uart_init@baudrate+3)& (0+255),b
   756  0015C8  0E00               	movlw	0
   757  0015CA  6FBF               	movwf	(uart_init@opt+1)& (0+255),b
   758  0015CC  0E00               	movlw	0
   759  0015CE  6FBE               	movwf	uart_init@opt& (0+255),b
   760  0015D0  0E00               	movlw	0
   761  0015D2  EC38  F008         	call	_uart_init
   762                           
   763                           ;main.c: 67: lcd_2x16_init();
   764  0015D6  ECC5  F007         	call	_lcd_2x16_init	;wreg free
   765  0015DA  FFFF               	dw	65535	; assembler added errata NOP
   766                           
   767                           ;main.c: 70: {
   768                           ;main.c: 71: __nop();
   769  0015DC  F000               	nop	
   770  0015DE  D7FD               	goto	l57
   771  0015E0                     __end_of_main:
   772                           	opt stack 0
   773                           tblptru	equ	0xFF8
   774                           tblptrh	equ	0xFF7
   775                           tblptrl	equ	0xFF6
   776                           tablat	equ	0xFF5
   777                           postinc0	equ	0xFEE
   778                           wreg	equ	0xFE8
   779                           postdec1	equ	0xFE5
   780                           fsr1l	equ	0xFE1
   781                           
   782 ;; *************** function _uart_init *****************
   783 ;; Defined at:
   784 ;;		line 35 in file "../../../../Libraries/lib_pic/uart.c"
   785 ;; Parameters:    Size  Location     Type
   786 ;;  uart_id         1    wreg     enum E2250
   787 ;;  baudrate        4   58[BANK0 ] unsigned long 
   788 ;;  opt             2   62[BANK0 ] unsigned short 
   789 ;; Auto vars:     Size  Location     Type
   790 ;;  uart_id         1   70[BANK0 ] enum E2250
   791 ;;  UART_BRG        3   64[BANK0 ] float 
   792 ;; Return value:  Size  Location     Type
   793 ;;                  1    wreg      enum E2190
   794 ;; Registers used:
   795 ;;		wreg, fsr2l, fsr2h, status,2, status,0, cstack
   796 ;; Tracked objects:
   797 ;;		On entry : 0/0
   798 ;;		On exit  : 0/0
   799 ;;		Unchanged: 0/0
   800 ;; Data sizes:     COMRAM   BANK0   BANK1   BANK2   BANK3   BANK4   BANK5
   801 ;;      Params:         0       6       0       0       0       0       0
   802 ;;      Locals:         0       7       0       0       0       0       0
   803 ;;      Temps:          0       0       0       0       0       0       0
   804 ;;      Totals:         0      13       0       0       0       0       0
   805 ;;Total ram usage:       13 bytes
   806 ;; Hardware stack levels used:    1
   807 ;; Hardware stack levels required when called:    8
   808 ;; This function calls:
   809 ;;		___ftadd
   810 ;;		___ftdiv
   811 ;;		___ftmul
   812 ;;		___fttol
   813 ;;		___lltoft
   814 ;;		_ceil
   815 ;;		_delay_ms
   816 ;; This function is called by:
   817 ;;		_main
   818 ;; This function uses a non-reentrant model
   819 ;;
   820                           
   821                           	psect	text1
   822  001070                     __ptext1:
   823                           	opt stack 0
   824  001070                     _uart_init:
   825                           	opt stack 0
   826  001070  FFFF               	dw	65535	; assembler added errata NOP
   827                           
   828                           ;incstack = 0
   829                           ;uart_init@uart_id stored from wreg
   830  001072  0100               	movlb	0	; () banked
   831  001074  6FC6               	movwf	uart_init@uart_id& (0+255),b
   832                           
   833                           ;uart.c: 39: float UART_BRG = ceil(((float)(10000000ul) / (16.0 * baudrate)) - 1);
   834  001076  0E00               	movlw	0
   835  001078  0100               	movlb	0	; () banked
   836  00107A  6F8B               	movwf	___ftmul@f2& (0+255),b
   837  00107C  0E80               	movlw	128
   838  00107E  6F8C               	movwf	(___ftmul@f2+1)& (0+255),b
   839  001080  0E41               	movlw	65
   840  001082  6F8D               	movwf	(___ftmul@f2+2)& (0+255),b
   841  001084  C0BA  F080         	movff	uart_init@baudrate,___lltoft@c
   842  001088  C0BB  F081         	movff	uart_init@baudrate+1,___lltoft@c+1
   843  00108C  C0BC  F082         	movff	uart_init@baudrate+2,___lltoft@c+2
   844  001090  C0BD  F083         	movff	uart_init@baudrate+3,___lltoft@c+3
   845  001094  EC98  F00A         	call	___lltoft	;wreg free
   846  001098  C080  F088         	movff	?___lltoft,___ftmul@f1
   847  00109C  C081  F089         	movff	?___lltoft+1,___ftmul@f1+1
   848  0010A0  C082  F08A         	movff	?___lltoft+2,___ftmul@f1+2
   849  0010A4  EC5E  F006         	call	___ftmul	;wreg free
   850  0010A8  C088  F09A         	movff	?___ftmul,___ftdiv@f2
   851  0010AC  C089  F09B         	movff	?___ftmul+1,___ftdiv@f2+1
   852  0010B0  C08A  F09C         	movff	?___ftmul+2,___ftdiv@f2+2
   853  0010B4  0E97               	movlw	151
   854  0010B6  0100               	movlb	0	; () banked
   855  0010B8  6F97               	movwf	___ftdiv@f1& (0+255),b
   856  0010BA  0E18               	movlw	24
   857  0010BC  6F98               	movwf	(___ftdiv@f1+1)& (0+255),b
   858  0010BE  0E4B               	movlw	75
   859  0010C0  6F99               	movwf	(___ftdiv@f1+2)& (0+255),b
   860  0010C2  EC51  F007         	call	___ftdiv	;wreg free
   861  0010C6  C097  F0A6         	movff	?___ftdiv,___ftadd@f1
   862  0010CA  C098  F0A7         	movff	?___ftdiv+1,___ftadd@f1+1
   863  0010CE  C099  F0A8         	movff	?___ftdiv+2,___ftadd@f1+2
   864  0010D2  0E00               	movlw	0
   865  0010D4  0100               	movlb	0	; () banked
   866  0010D6  6FA9               	movwf	___ftadd@f2& (0+255),b
   867  0010D8  0E80               	movlw	128
   868  0010DA  6FAA               	movwf	(___ftadd@f2+1)& (0+255),b
   869  0010DC  0EBF               	movlw	191
   870  0010DE  6FAB               	movwf	(___ftadd@f2+2)& (0+255),b
   871  0010E0  EC21  F003         	call	___ftadd	;wreg free
   872  0010E4  C0A6  F0C3         	movff	?___ftadd,_uart_init$1710
   873  0010E8  C0A7  F0C4         	movff	?___ftadd+1,_uart_init$1710+1
   874  0010EC  C0A8  F0C5         	movff	?___ftadd+2,_uart_init$1710+2
   875                           
   876                           ;uart.c: 39: float UART_BRG = ceil(((float)(10000000ul) / (16.0 * baudrate)) - 1);
   877  0010F0  C0C3  F0B2         	movff	_uart_init$1710,ceil@x
   878  0010F4  C0C4  F0B3         	movff	_uart_init$1710+1,ceil@x+1
   879  0010F8  C0C5  F0B4         	movff	_uart_init$1710+2,ceil@x+2
   880  0010FC  EC57  F005         	call	_ceil	;wreg free
   881  001100  C0B2  F0C0         	movff	?_ceil,uart_init@UART_BRG
   882  001104  C0B3  F0C1         	movff	?_ceil+1,uart_init@UART_BRG+1
   883  001108  C0B4  F0C2         	movff	?_ceil+2,uart_init@UART_BRG+2
   884                           
   885                           ;uart.c: 40: SPBRG = (u16)UART_BRG;
   886  00110C  C0C0  F02F         	movff	uart_init@UART_BRG,___fttol@f1
   887  001110  C0C1  F030         	movff	uart_init@UART_BRG+1,___fttol@f1+1
   888  001114  C0C2  F031         	movff	uart_init@UART_BRG+2,___fttol@f1+2
   889  001118  ECDB  F006         	call	___fttol	;wreg free
   890  00111C  502F               	movf	?___fttol,w,c
   891  00111E  6EAF               	movwf	4015,c	;volatile
   892                           
   893                           ;uart.c: 43: if (uart_id == UART_ID_1){
   894  001120  0100               	movlb	0	; () banked
   895  001122  51C6               	movf	uart_init@uart_id& (0+255),w,b
   896  001124  A4D8               	btfss	status,2,c
   897  001126  D006               	goto	l494
   898                           
   899                           ; BSR set to: 0
   900                           ;uart.c: 45: TXSTAbits.BRGH = 1;
   901  001128  84AC               	bsf	4012,2,c	;volatile
   902                           
   903                           ;uart.c: 48: TXSTAbits.TXEN = 1;
   904  00112A  8AAC               	bsf	4012,5,c	;volatile
   905                           
   906                           ;uart.c: 51: RCSTAbits.SPEN = 1;
   907  00112C  8EAB               	bsf	4011,7,c	;volatile
   908                           
   909                           ;uart.c: 54: RCSTAbits.CREN = 1;
   910  00112E  88AB               	bsf	4011,4,c	;volatile
   911                           
   912                           ;uart.c: 57: TRISCbits.TRISC7 = 1;
   913  001130  8E94               	bsf	3988,7,c	;volatile
   914                           
   915                           ;uart.c: 58: TRISCbits.TRISC6 = 0;
   916  001132  9C94               	bcf	3988,6,c	;volatile
   917  001134                     l494:
   918  001134  FFFF               	dw	65535	; assembler added errata NOP
   919                           
   920                           ; BSR set to: 0
   921                           ;uart.c: 59: }
   922                           ;uart.c: 168: delay_ms(30);
   923                           
   924                           ; BSR set to: 0
   925  001136  0E00               	movlw	0
   926  001138  6E30               	movwf	delay_ms@loop+1,c
   927  00113A  0E1E               	movlw	30
   928  00113C  6E2F               	movwf	delay_ms@loop,c
   929  00113E  EC73  F00B         	call	_delay_ms	;wreg free
   930                           
   931                           ;uart.c: 174: return SUCCESS;
   932                           ;	Return value of _uart_init is never used
   933  001142  0012               	return		;funcret
   934  001144  FFFF               	dw	65535	; errata NOP
   935  001146                     __end_of_uart_init:
   936                           	opt stack 0
   937                           tblptru	equ	0xFF8
   938                           tblptrh	equ	0xFF7
   939                           tblptrl	equ	0xFF6
   940                           tablat	equ	0xFF5
   941                           postinc0	equ	0xFEE
   942                           wreg	equ	0xFE8
   943                           postdec1	equ	0xFE5
   944                           fsr1l	equ	0xFE1
   945                           status	equ	0xFD8
   946                           
   947 ;; *************** function _ceil *****************
   948 ;; Defined at:
   949 ;;		line 13 in file "C:\Programs\Microchip\xc8\v1.44\sources\common\ceil.c"
   950 ;; Parameters:    Size  Location     Type
   951 ;;  x               3   50[BANK0 ] enum E2190
   952 ;; Auto vars:     Size  Location     Type
   953 ;;  i               3   53[BANK0 ] enum E2190
   954 ;;  expon           2   56[BANK0 ] int 
   955 ;; Return value:  Size  Location     Type
   956 ;;                  3   50[BANK0 ] int 
   957 ;; Registers used:
   958 ;;		wreg, fsr2l, fsr2h, status,2, status,0, cstack
   959 ;; Tracked objects:
   960 ;;		On entry : 0/0
   961 ;;		On exit  : 0/0
   962 ;;		Unchanged: 0/0
   963 ;; Data sizes:     COMRAM   BANK0   BANK1   BANK2   BANK3   BANK4   BANK5
   964 ;;      Params:         0       3       0       0       0       0       0
   965 ;;      Locals:         0       5       0       0       0       0       0
   966 ;;      Temps:          0       0       0       0       0       0       0
   967 ;;      Totals:         0       8       0       0       0       0       0
   968 ;;Total ram usage:        8 bytes
   969 ;; Hardware stack levels used:    1
   970 ;; Hardware stack levels required when called:    7
   971 ;; This function calls:
   972 ;;		___altoft
   973 ;;		___ftadd
   974 ;;		___ftge
   975 ;;		___fttol
   976 ;;		_frexp
   977 ;; This function is called by:
   978 ;;		_uart_init
   979 ;; This function uses a non-reentrant model
   980 ;;
   981                           
   982                           	psect	text2
   983  000AAE                     __ptext2:
   984                           	opt stack 0
   985  000AAE                     _ceil:
   986                           	opt stack 0
   987  000AAE  FFFF               	dw	65535	; assembler added errata NOP
   988                           
   989                           ;incstack = 0
   990  000AB0  C0B2  F02F         	movff	ceil@x,frexp@value
   991  000AB4  C0B3  F030         	movff	ceil@x+1,frexp@value+1
   992  000AB8  C0B4  F031         	movff	ceil@x+2,frexp@value+2
   993  000ABC  0EB8               	movlw	low ceil@expon
   994  000ABE  6E32               	movwf	frexp@eptr,c
   995  000AC0  0E00               	movlw	high ceil@expon
   996  000AC2  6E33               	movwf	frexp@eptr+1,c
   997  000AC4  ECDA  F009         	call	_frexp	;wreg free
   998  000AC8  0100               	movlb	0	; () banked
   999  000ACA  AFB9               	btfss	(ceil@expon+1)& (0+255),7,b
  1000  000ACC  D021               	goto	l813
  1001                           
  1002                           ; BSR set to: 0
  1003  000ACE  0E00               	movlw	0
  1004  000AD0  6E2F               	movwf	___ftge@ff1,c
  1005  000AD2  0E00               	movlw	0
  1006  000AD4  6E30               	movwf	___ftge@ff1+1,c
  1007  000AD6  0E00               	movlw	0
  1008  000AD8  6E31               	movwf	___ftge@ff1+2,c
  1009  000ADA  C0B2  F032         	movff	ceil@x,___ftge@ff2
  1010  000ADE  C0B3  F033         	movff	ceil@x+1,___ftge@ff2+1
  1011  000AE2  C0B4  F034         	movff	ceil@x+2,___ftge@ff2+2
  1012  000AE6  EC05  F009         	call	___ftge	;wreg free
  1013  000AEA  A0D8               	btfss	status,0,c
  1014  000AEC  D007               	goto	l811
  1015  000AEE  0E00               	movlw	0
  1016  000AF0  0100               	movlb	0	; () banked
  1017  000AF2  6FB2               	movwf	?_ceil& (0+255),b
  1018  000AF4  0E00               	movlw	0
  1019  000AF6  6FB3               	movwf	(?_ceil+1)& (0+255),b
  1020  000AF8  0E00               	movlw	0
  1021  000AFA  D007               	goto	L1
  1022  000AFC                     l811:
  1023  000AFC  FFFF               	dw	65535	; assembler added errata NOP
  1024                           
  1025                           ; BSR set to: 0
  1026  000AFE  0E00               	movlw	0
  1027  000B00  0100               	movlb	0	; () banked
  1028  000B02  6FB2               	movwf	?_ceil& (0+255),b
  1029  000B04  0E80               	movlw	128
  1030  000B06  6FB3               	movwf	(?_ceil+1)& (0+255),b
  1031  000B08  0E3F               	movlw	63
  1032  000B0A                     L1:
  1033  000B0A  FFFF               	dw	65535	; assembler added errata NOP
  1034  000B0C  6FB4               	movwf	(?_ceil+2)& (0+255),b
  1035                           
  1036                           ; BSR set to: 0
  1037  000B0E  D054               	goto	l812
  1038  000B10                     l813:
  1039  000B10  FFFF               	dw	65535	; assembler added errata NOP
  1040                           
  1041                           ; BSR set to: 0
  1042                           
  1043                           ; BSR set to: 0
  1044                           
  1045                           ; BSR set to: 0
  1046  000B12  51B9               	movf	(ceil@expon+1)& (0+255),w,b
  1047  000B14  E104               	bnz	u5280
  1048  000B16  0E15               	movlw	21
  1049  000B18  5DB8               	subwf	ceil@expon& (0+255),w,b
  1050  000B1A  A0D8               	btfss	status,0,c
  1051  000B1C  D007               	goto	l814
  1052  000B1E                     u5280:
  1053                           
  1054                           ; BSR set to: 0
  1055  000B1E  C0B2  F0B2         	movff	ceil@x,?_ceil
  1056  000B22  C0B3  F0B3         	movff	ceil@x+1,?_ceil+1
  1057  000B26  C0B4  F0B4         	movff	ceil@x+2,?_ceil+2
  1058  000B2A  D046               	goto	l812
  1059  000B2C                     l814:
  1060  000B2C  FFFF               	dw	65535	; assembler added errata NOP
  1061                           
  1062                           ; BSR set to: 0
  1063                           
  1064                           ; BSR set to: 0
  1065  000B2E  C0B2  F02F         	movff	ceil@x,___fttol@f1
  1066  000B32  C0B3  F030         	movff	ceil@x+1,___fttol@f1+1
  1067  000B36  C0B4  F031         	movff	ceil@x+2,___fttol@f1+2
  1068  000B3A  ECDB  F006         	call	___fttol	;wreg free
  1069  000B3E  C02F  F086         	movff	?___fttol,___altoft@c
  1070  000B42  C030  F087         	movff	?___fttol+1,___altoft@c+1
  1071  000B46  C031  F088         	movff	?___fttol+2,___altoft@c+2
  1072  000B4A  C032  F089         	movff	?___fttol+3,___altoft@c+3
  1073  000B4E  EC1C  F00A         	call	___altoft	;wreg free
  1074  000B52  C086  F0B5         	movff	?___altoft,ceil@i
  1075  000B56  C087  F0B6         	movff	?___altoft+1,ceil@i+1
  1076  000B5A  C088  F0B7         	movff	?___altoft+2,ceil@i+2
  1077  000B5E  C0B5  F02F         	movff	ceil@i,___ftge@ff1
  1078  000B62  C0B6  F030         	movff	ceil@i+1,___ftge@ff1+1
  1079  000B66  C0B7  F031         	movff	ceil@i+2,___ftge@ff1+2
  1080  000B6A  C0B2  F032         	movff	ceil@x,___ftge@ff2
  1081  000B6E  C0B3  F033         	movff	ceil@x+1,___ftge@ff2+1
  1082  000B72  C0B4  F034         	movff	ceil@x+2,___ftge@ff2+2
  1083  000B76  EC05  F009         	call	___ftge	;wreg free
  1084  000B7A  B0D8               	btfsc	status,0,c
  1085  000B7C  D016               	goto	l815
  1086  000B7E  C0B5  F0A6         	movff	ceil@i,___ftadd@f1
  1087  000B82  C0B6  F0A7         	movff	ceil@i+1,___ftadd@f1+1
  1088  000B86  C0B7  F0A8         	movff	ceil@i+2,___ftadd@f1+2
  1089  000B8A  0E00               	movlw	0
  1090  000B8C  0100               	movlb	0	; () banked
  1091  000B8E  6FA9               	movwf	___ftadd@f2& (0+255),b
  1092  000B90  0E80               	movlw	128
  1093  000B92  6FAA               	movwf	(___ftadd@f2+1)& (0+255),b
  1094  000B94  0E3F               	movlw	63
  1095  000B96  6FAB               	movwf	(___ftadd@f2+2)& (0+255),b
  1096  000B98  EC21  F003         	call	___ftadd	;wreg free
  1097  000B9C  C0A6  F0B2         	movff	?___ftadd,?_ceil
  1098  000BA0  C0A7  F0B3         	movff	?___ftadd+1,?_ceil+1
  1099  000BA4  C0A8  F0B4         	movff	?___ftadd+2,?_ceil+2
  1100  000BA8  D007               	goto	l812
  1101  000BAA                     l815:
  1102  000BAA  FFFF               	dw	65535	; assembler added errata NOP
  1103  000BAC  C0B5  F0B2         	movff	ceil@i,?_ceil
  1104  000BB0  C0B6  F0B3         	movff	ceil@i+1,?_ceil+1
  1105  000BB4  C0B7  F0B4         	movff	ceil@i+2,?_ceil+2
  1106  000BB8                     l812:
  1107  000BB8  FFFF               	dw	65535	; assembler added errata NOP
  1108  000BBA  0012               	return		;funcret
  1109  000BBC  FFFF               	dw	65535	; errata NOP
  1110  000BBE                     __end_of_ceil:
  1111                           	opt stack 0
  1112                           tblptru	equ	0xFF8
  1113                           tblptrh	equ	0xFF7
  1114                           tblptrl	equ	0xFF6
  1115                           tablat	equ	0xFF5
  1116                           postinc0	equ	0xFEE
  1117                           wreg	equ	0xFE8
  1118                           postdec1	equ	0xFE5
  1119                           fsr1l	equ	0xFE1
  1120                           status	equ	0xFD8
  1121                           
  1122 ;; *************** function _frexp *****************
  1123 ;; Defined at:
  1124 ;;		line 254 in file "C:\Programs\Microchip\xc8\v1.44\sources\common\frexp.c"
  1125 ;; Parameters:    Size  Location     Type
  1126 ;;  value           3   46[COMRAM] int 
  1127 ;;  eptr            2   49[COMRAM] PTR int 
  1128 ;;		 -> ceil@expon(2), 
  1129 ;; Auto vars:     Size  Location     Type
  1130 ;;		None
  1131 ;; Return value:  Size  Location     Type
  1132 ;;                  3   46[COMRAM] PTR int 
  1133 ;; Registers used:
  1134 ;;		wreg, fsr2l, fsr2h, status,2, status,0
  1135 ;; Tracked objects:
  1136 ;;		On entry : 0/0
  1137 ;;		On exit  : 0/0
  1138 ;;		Unchanged: 0/0
  1139 ;; Data sizes:     COMRAM   BANK0   BANK1   BANK2   BANK3   BANK4   BANK5
  1140 ;;      Params:         5       0       0       0       0       0       0
  1141 ;;      Locals:         0       0       0       0       0       0       0
  1142 ;;      Temps:          2       0       0       0       0       0       0
  1143 ;;      Totals:         7       0       0       0       0       0       0
  1144 ;;Total ram usage:        7 bytes
  1145 ;; Hardware stack levels used:    1
  1146 ;; Hardware stack levels required when called:    5
  1147 ;; This function calls:
  1148 ;;		Nothing
  1149 ;; This function is called by:
  1150 ;;		_ceil
  1151 ;; This function uses a non-reentrant model
  1152 ;;
  1153                           
  1154                           	psect	text3
  1155  0013B4                     __ptext3:
  1156                           	opt stack 0
  1157  0013B4                     _frexp:
  1158                           	opt stack 0
  1159  0013B4  FFFF               	dw	65535	; assembler added errata NOP
  1160                           
  1161                           ;incstack = 0
  1162  0013B6  502F               	movf	frexp@value,w,c
  1163  0013B8  1030               	iorwf	frexp@value+1,w,c
  1164  0013BA  1031               	iorwf	frexp@value+2,w,c
  1165  0013BC  A4D8               	btfss	status,2,c
  1166  0013BE  D009               	goto	l864
  1167  0013C0  C032  FFD9         	movff	frexp@eptr,fsr2l
  1168  0013C4  C033  FFDA         	movff	frexp@eptr+1,fsr2h
  1169  0013C8  0E00               	movlw	0
  1170  0013CA  6EDE               	movwf	postinc2,c
  1171  0013CC  0E00               	movlw	0
  1172  0013CE  6EDD               	movwf	postdec2,c
  1173                           
  1174                           ;	Return value of _frexp is never used
  1175  0013D0  D030               	goto	l3068
  1176  0013D2                     l864:
  1177  0013D2  FFFF               	dw	65535	; assembler added errata NOP
  1178  0013D4  5031               	movf	frexp@value+2,w,c
  1179  0013D6  0B7F               	andlw	127
  1180  0013D8  6E34               	movwf	??_frexp& (0+255),c
  1181  0013DA  6A35               	clrf	(??_frexp+1)& (0+255),c
  1182  0013DC  90D8               	bcf	status,0,c
  1183  0013DE  3634               	rlcf	??_frexp,f,c
  1184  0013E0  3635               	rlcf	??_frexp+1,f,c
  1185  0013E2  C032  FFD9         	movff	frexp@eptr,fsr2l
  1186  0013E6  C033  FFDA         	movff	frexp@eptr+1,fsr2h
  1187  0013EA  C034  FFDE         	movff	??_frexp,postinc2
  1188  0013EE  C035  FFDD         	movff	??_frexp+1,postdec2
  1189  0013F2  AE30               	btfss	frexp@value+1,7,c
  1190  0013F4  D003               	goto	u2870
  1191  0013F6  6A34               	clrf	??_frexp& (0+255),c
  1192  0013F8  2A34               	incf	??_frexp& (0+255),f,c
  1193  0013FA  D002               	goto	u2878
  1194  0013FC                     u2870:
  1195  0013FC  FFFF               	dw	65535	; assembler added errata NOP
  1196  0013FE  6A34               	clrf	??_frexp& (0+255),c
  1197  001400                     u2878:
  1198  001400  FFFF               	dw	65535	; assembler added errata NOP
  1199  001402  5034               	movf	??_frexp,w,c
  1200  001404  C032  FFD9         	movff	frexp@eptr,fsr2l
  1201  001408  C033  FFDA         	movff	frexp@eptr+1,fsr2h
  1202  00140C  12DE               	iorwf	postinc2,f,c
  1203  00140E  0E00               	movlw	0
  1204  001410  12DD               	iorwf	postdec2,f,c
  1205  001412  C032  FFD9         	movff	frexp@eptr,fsr2l
  1206  001416  C033  FFDA         	movff	frexp@eptr+1,fsr2h
  1207  00141A  0E82               	movlw	130
  1208  00141C  26DE               	addwf	postinc2,f,c
  1209  00141E  0EFF               	movlw	255
  1210  001420  22DD               	addwfc	postdec2,f,c
  1211  001422  8031               	bsf	frexp@value+2,0,c
  1212  001424  8231               	bsf	frexp@value+2,1,c
  1213  001426  8431               	bsf	frexp@value+2,2,c
  1214  001428  8631               	bsf	frexp@value+2,3,c
  1215  00142A  8831               	bsf	frexp@value+2,4,c
  1216  00142C  8A31               	bsf	frexp@value+2,5,c
  1217  00142E  9C31               	bcf	frexp@value+2,6,c
  1218  001430  9E30               	bcf	frexp@value+1,7,c
  1219  001432                     l3068:
  1220  001432  FFFF               	dw	65535	; assembler added errata NOP
  1221                           
  1222                           ;	Return value of _frexp is never used
  1223  001434  0012               	return		;funcret
  1224  001436  FFFF               	dw	65535	; errata NOP
  1225  001438                     __end_of_frexp:
  1226                           	opt stack 0
  1227                           tblptru	equ	0xFF8
  1228                           tblptrh	equ	0xFF7
  1229                           tblptrl	equ	0xFF6
  1230                           tablat	equ	0xFF5
  1231                           postinc0	equ	0xFEE
  1232                           wreg	equ	0xFE8
  1233                           postdec1	equ	0xFE5
  1234                           fsr1l	equ	0xFE1
  1235                           postinc2	equ	0xFDE
  1236                           postdec2	equ	0xFDD
  1237                           fsr2h	equ	0xFDA
  1238                           fsr2l	equ	0xFD9
  1239                           status	equ	0xFD8
  1240                           
  1241 ;; *************** function ___fttol *****************
  1242 ;; Defined at:
  1243 ;;		line 44 in file "C:\Programs\Microchip\xc8\v1.44\sources\common\fttol.c"
  1244 ;; Parameters:    Size  Location     Type
  1245 ;;  f1              3   46[COMRAM] float 
  1246 ;; Auto vars:     Size  Location     Type
  1247 ;;  lval            4    1[BANK0 ] unsigned long 
  1248 ;;  exp1            1    5[BANK0 ] unsigned char 
  1249 ;;  sign1           1    0[BANK0 ] unsigned char 
  1250 ;; Return value:  Size  Location     Type
  1251 ;;                  4   46[COMRAM] long 
  1252 ;; Registers used:
  1253 ;;		wreg, status,2, status,0
  1254 ;; Tracked objects:
  1255 ;;		On entry : 0/0
  1256 ;;		On exit  : 0/0
  1257 ;;		Unchanged: 0/0
  1258 ;; Data sizes:     COMRAM   BANK0   BANK1   BANK2   BANK3   BANK4   BANK5
  1259 ;;      Params:         4       0       0       0       0       0       0
  1260 ;;      Locals:         0       6       0       0       0       0       0
  1261 ;;      Temps:          5       0       0       0       0       0       0
  1262 ;;      Totals:         9       6       0       0       0       0       0
  1263 ;;Total ram usage:       15 bytes
  1264 ;; Hardware stack levels used:    1
  1265 ;; Hardware stack levels required when called:    5
  1266 ;; This function calls:
  1267 ;;		Nothing
  1268 ;; This function is called by:
  1269 ;;		_uart_init
  1270 ;;		_ceil
  1271 ;; This function uses a non-reentrant model
  1272 ;;
  1273                           
  1274                           	psect	text4
  1275  000DB6                     __ptext4:
  1276                           	opt stack 0
  1277  000DB6                     ___fttol:
  1278                           	opt stack 0
  1279  000DB6  FFFF               	dw	65535	; assembler added errata NOP
  1280                           
  1281                           ;incstack = 0
  1282  000DB8  C031  F033         	movff	___fttol@f1+2,??___fttol
  1283  000DBC  6A34               	clrf	(??___fttol+1)& (0+255),c
  1284  000DBE  6A35               	clrf	(??___fttol+2)& (0+255),c
  1285  000DC0  3430               	rlcf	___fttol@f1+1,w,c
  1286  000DC2  3633               	rlcf	??___fttol& (0+255),f,c
  1287  000DC4  E301               	bnc	u4961
  1288  000DC6  8034               	bsf	(??___fttol+1)& (0+255),0,c
  1289  000DC8                     u4961:
  1290  000DC8  5033               	movf	??___fttol,w,c
  1291  000DCA  0100               	movlb	0	; () banked
  1292  000DCC  6F85               	movwf	___fttol@exp1& (0+255),b
  1293  000DCE  5185               	movf	___fttol@exp1& (0+255),w,b
  1294  000DD0  B4D8               	btfsc	status,2,c
  1295  000DD2  D03A               	goto	u5010
  1296                           
  1297                           ; BSR set to: 0
  1298                           
  1299                           ; BSR set to: 0
  1300                           
  1301                           ; BSR set to: 0
  1302                           
  1303                           ; BSR set to: 0
  1304  000DD4  0E17               	movlw	23
  1305  000DD6  6E33               	movwf	??___fttol& (0+255),c
  1306  000DD8  C02F  F034         	movff	___fttol@f1,??___fttol+1
  1307  000DDC  C030  F035         	movff	___fttol@f1+1,??___fttol+2
  1308  000DE0  C031  F036         	movff	___fttol@f1+2,??___fttol+3
  1309  000DE4  2833               	incf	??___fttol,w,c
  1310  000DE6  6E37               	movwf	(??___fttol+4)& (0+255),c
  1311  000DE8  D005               	goto	u4980
  1312  000DEA                     u4985:
  1313  000DEA  FFFF               	dw	65535	; assembler added errata NOP
  1314  000DEC  90D8               	bcf	status,0,c
  1315  000DEE  3236               	rrcf	??___fttol+3,f,c
  1316  000DF0  3235               	rrcf	??___fttol+2,f,c
  1317  000DF2  3234               	rrcf	??___fttol+1,f,c
  1318  000DF4                     u4980:
  1319  000DF4  FFFF               	dw	65535	; assembler added errata NOP
  1320  000DF6  2E37               	decfsz	(??___fttol+4)& (0+255),f,c
  1321  000DF8  D7F8               	goto	u4985
  1322  000DFA  5034               	movf	??___fttol+1,w,c
  1323  000DFC  0100               	movlb	0	; () banked
  1324  000DFE  6F80               	movwf	___fttol@sign1& (0+255),b
  1325                           
  1326                           ; BSR set to: 0
  1327  000E00  8E30               	bsf	___fttol@f1+1,7,c
  1328                           
  1329                           ; BSR set to: 0
  1330  000E02  0EFF               	movlw	255
  1331  000E04  162F               	andwf	___fttol@f1,f,c
  1332  000E06  0EFF               	movlw	255
  1333  000E08  1630               	andwf	___fttol@f1+1,f,c
  1334  000E0A  0E00               	movlw	0
  1335  000E0C  1631               	andwf	___fttol@f1+2,f,c
  1336                           
  1337                           ; BSR set to: 0
  1338  000E0E  502F               	movf	___fttol@f1,w,c
  1339  000E10  6F81               	movwf	___fttol@lval& (0+255),b
  1340  000E12  5030               	movf	___fttol@f1+1,w,c
  1341  000E14  6F82               	movwf	(___fttol@lval+1)& (0+255),b
  1342  000E16  5031               	movf	___fttol@f1+2,w,c
  1343  000E18  6F83               	movwf	(___fttol@lval+2)& (0+255),b
  1344  000E1A  6B84               	clrf	(___fttol@lval+3)& (0+255),b
  1345                           
  1346                           ; BSR set to: 0
  1347  000E1C  0E8E               	movlw	142
  1348  000E1E  5F85               	subwf	___fttol@exp1& (0+255),f,b
  1349                           
  1350                           ; BSR set to: 0
  1351  000E20  AF85               	btfss	___fttol@exp1& (0+255),7,b
  1352  000E22  D00E               	goto	l951
  1353                           
  1354                           ; BSR set to: 0
  1355  000E24  5185               	movf	___fttol@exp1& (0+255),w,b
  1356  000E26  0A80               	xorlw	128
  1357  000E28  0F8F               	addlw	143
  1358  000E2A  A0D8               	btfss	status,0,c
  1359  000E2C  D00D               	goto	u5010
  1360  000E2E  FFFF               	dw	65535	; assembler added errata NOP
  1361                           
  1362                           ; BSR set to: 0
  1363                           
  1364                           ; BSR set to: 0
  1365                           
  1366                           ; BSR set to: 0
  1367  000E30  90D8               	bcf	status,0,c
  1368  000E32  3384               	rrcf	(___fttol@lval+3)& (0+255),f,b
  1369  000E34  3383               	rrcf	(___fttol@lval+2)& (0+255),f,b
  1370  000E36  3382               	rrcf	(___fttol@lval+1)& (0+255),f,b
  1371  000E38  3381               	rrcf	___fttol@lval& (0+255),f,b
  1372                           
  1373                           ; BSR set to: 0
  1374  000E3A  3F85               	incfsz	___fttol@exp1& (0+255),f,b
  1375  000E3C  D7F8               	goto	l952
  1376                           
  1377                           ; BSR set to: 0
  1378  000E3E  D019               	goto	u5020
  1379  000E40                     l951:
  1380  000E40  FFFF               	dw	65535	; assembler added errata NOP
  1381                           
  1382                           ; BSR set to: 0
  1383                           
  1384                           ; BSR set to: 0
  1385  000E42  0E17               	movlw	23
  1386  000E44  6585               	cpfsgt	___fttol@exp1& (0+255),b
  1387  000E46  D011               	goto	l957
  1388  000E48                     u5010:
  1389  000E48  FFFF               	dw	65535	; assembler added errata NOP
  1390                           
  1391                           ; BSR set to: 0
  1392  000E4A  0E00               	movlw	0
  1393  000E4C  6E2F               	movwf	?___fttol,c
  1394  000E4E  0E00               	movlw	0
  1395  000E50  6E30               	movwf	?___fttol+1,c
  1396  000E52  0E00               	movlw	0
  1397  000E54  6E31               	movwf	?___fttol+2,c
  1398  000E56  0E00               	movlw	0
  1399  000E58  6E32               	movwf	?___fttol+3,c
  1400                           
  1401                           ; BSR set to: 0
  1402  000E5A  D020               	goto	l4384
  1403  000E5C  FFFF               	dw	65535	; assembler added errata NOP
  1404                           
  1405                           ; BSR set to: 0
  1406                           
  1407                           ; BSR set to: 0
  1408  000E5E  90D8               	bcf	status,0,c
  1409  000E60  3781               	rlcf	___fttol@lval& (0+255),f,b
  1410  000E62  3782               	rlcf	(___fttol@lval+1)& (0+255),f,b
  1411  000E64  3783               	rlcf	(___fttol@lval+2)& (0+255),f,b
  1412  000E66  3784               	rlcf	(___fttol@lval+3)& (0+255),f,b
  1413  000E68  0785               	decf	___fttol@exp1& (0+255),f,b
  1414  000E6A                     l957:
  1415  000E6A  FFFF               	dw	65535	; assembler added errata NOP
  1416                           
  1417                           ; BSR set to: 0
  1418                           
  1419                           ; BSR set to: 0
  1420  000E6C  5185               	movf	___fttol@exp1& (0+255),w,b
  1421  000E6E  A4D8               	btfss	status,2,c
  1422  000E70  D7F5               	goto	l958
  1423  000E72                     u5020:
  1424  000E72  FFFF               	dw	65535	; assembler added errata NOP
  1425                           
  1426                           ; BSR set to: 0
  1427                           
  1428                           ; BSR set to: 0
  1429                           
  1430                           ; BSR set to: 0
  1431  000E74  5180               	movf	___fttol@sign1& (0+255),w,b
  1432  000E76  B4D8               	btfsc	status,2,c
  1433  000E78  D008               	goto	l960
  1434                           
  1435                           ; BSR set to: 0
  1436  000E7A  1F84               	comf	(___fttol@lval+3)& (0+255),f,b
  1437  000E7C  1F83               	comf	(___fttol@lval+2)& (0+255),f,b
  1438  000E7E  1F82               	comf	(___fttol@lval+1)& (0+255),f,b
  1439  000E80  6D81               	negf	___fttol@lval& (0+255),b
  1440  000E82  0E00               	movlw	0
  1441  000E84  2382               	addwfc	(___fttol@lval+1)& (0+255),f,b
  1442  000E86  2383               	addwfc	(___fttol@lval+2)& (0+255),f,b
  1443  000E88  2384               	addwfc	(___fttol@lval+3)& (0+255),f,b
  1444  000E8A                     l960:
  1445  000E8A  FFFF               	dw	65535	; assembler added errata NOP
  1446                           
  1447                           ; BSR set to: 0
  1448                           
  1449                           ; BSR set to: 0
  1450  000E8C  C081  F02F         	movff	___fttol@lval,?___fttol
  1451  000E90  C082  F030         	movff	___fttol@lval+1,?___fttol+1
  1452  000E94  C083  F031         	movff	___fttol@lval+2,?___fttol+2
  1453  000E98  C084  F032         	movff	___fttol@lval+3,?___fttol+3
  1454  000E9C                     l4384:
  1455  000E9C  FFFF               	dw	65535	; assembler added errata NOP
  1456                           
  1457                           ; BSR set to: 0
  1458                           
  1459                           ; BSR set to: 0
  1460  000E9E  0012               	return		;funcret
  1461  000EA0  FFFF               	dw	65535	; errata NOP
  1462  000EA2                     __end_of___fttol:
  1463                           	opt stack 0
  1464                           tblptru	equ	0xFF8
  1465                           tblptrh	equ	0xFF7
  1466                           tblptrl	equ	0xFF6
  1467                           tablat	equ	0xFF5
  1468                           postinc0	equ	0xFEE
  1469                           wreg	equ	0xFE8
  1470                           postdec1	equ	0xFE5
  1471                           fsr1l	equ	0xFE1
  1472                           postinc2	equ	0xFDE
  1473                           postdec2	equ	0xFDD
  1474                           fsr2h	equ	0xFDA
  1475                           fsr2l	equ	0xFD9
  1476                           status	equ	0xFD8
  1477                           
  1478 ;; *************** function ___ftge *****************
  1479 ;; Defined at:
  1480 ;;		line 4 in file "C:\Programs\Microchip\xc8\v1.44\sources\common\ftge.c"
  1481 ;; Parameters:    Size  Location     Type
  1482 ;;  ff1             3   46[COMRAM] float 
  1483 ;;  ff2             3   49[COMRAM] float 
  1484 ;; Auto vars:     Size  Location     Type
  1485 ;;		None
  1486 ;; Return value:  Size  Location     Type
  1487 ;;		None               void
  1488 ;; Registers used:
  1489 ;;		wreg, status,2, status,0
  1490 ;; Tracked objects:
  1491 ;;		On entry : 0/0
  1492 ;;		On exit  : 0/0
  1493 ;;		Unchanged: 0/0
  1494 ;; Data sizes:     COMRAM   BANK0   BANK1   BANK2   BANK3   BANK4   BANK5
  1495 ;;      Params:         6       0       0       0       0       0       0
  1496 ;;      Locals:         0       0       0       0       0       0       0
  1497 ;;      Temps:          3       0       0       0       0       0       0
  1498 ;;      Totals:         9       0       0       0       0       0       0
  1499 ;;Total ram usage:        9 bytes
  1500 ;; Hardware stack levels used:    1
  1501 ;; Hardware stack levels required when called:    5
  1502 ;; This function calls:
  1503 ;;		Nothing
  1504 ;; This function is called by:
  1505 ;;		_ceil
  1506 ;;		_float_2_bcd
  1507 ;;		_double_2_bcd
  1508 ;; This function uses a non-reentrant model
  1509 ;;
  1510                           
  1511                           	psect	text5
  1512  00120A                     __ptext5:
  1513                           	opt stack 0
  1514  00120A                     ___ftge:
  1515                           	opt stack 0
  1516  00120A  FFFF               	dw	65535	; assembler added errata NOP
  1517                           
  1518                           ; BSR set to: 0
  1519                           ;incstack = 0
  1520  00120C  AE31               	btfss	___ftge@ff1+2,7,c
  1521  00120E  D016               	goto	l921
  1522  001210  C02F  F035         	movff	___ftge@ff1,??___ftge
  1523  001214  C030  F036         	movff	___ftge@ff1+1,??___ftge+1
  1524  001218  C031  F037         	movff	___ftge@ff1+2,??___ftge+2
  1525  00121C  1E35               	comf	??___ftge,f,c
  1526  00121E  1E36               	comf	??___ftge+1,f,c
  1527  001220  1E37               	comf	??___ftge+2,f,c
  1528  001222  2A35               	incf	??___ftge,f,c
  1529  001224  0E00               	movlw	0
  1530  001226  2236               	addwfc	??___ftge+1,f,c
  1531  001228  2237               	addwfc	??___ftge+2,f,c
  1532  00122A  0E00               	movlw	0
  1533  00122C  2435               	addwf	??___ftge,w,c
  1534  00122E  6E2F               	movwf	___ftge@ff1,c
  1535  001230  0E00               	movlw	0
  1536  001232  2036               	addwfc	??___ftge+1,w,c
  1537  001234  6E30               	movwf	___ftge@ff1+1,c
  1538  001236  0E80               	movlw	128
  1539  001238  2037               	addwfc	??___ftge+2,w,c
  1540  00123A  6E31               	movwf	___ftge@ff1+2,c
  1541  00123C                     l921:
  1542  00123C  FFFF               	dw	65535	; assembler added errata NOP
  1543  00123E  AE34               	btfss	___ftge@ff2+2,7,c
  1544  001240  D016               	goto	l922
  1545  001242  C032  F035         	movff	___ftge@ff2,??___ftge
  1546  001246  C033  F036         	movff	___ftge@ff2+1,??___ftge+1
  1547  00124A  C034  F037         	movff	___ftge@ff2+2,??___ftge+2
  1548  00124E  1E35               	comf	??___ftge,f,c
  1549  001250  1E36               	comf	??___ftge+1,f,c
  1550  001252  1E37               	comf	??___ftge+2,f,c
  1551  001254  2A35               	incf	??___ftge,f,c
  1552  001256  0E00               	movlw	0
  1553  001258  2236               	addwfc	??___ftge+1,f,c
  1554  00125A  2237               	addwfc	??___ftge+2,f,c
  1555  00125C  0E00               	movlw	0
  1556  00125E  2435               	addwf	??___ftge,w,c
  1557  001260  6E32               	movwf	___ftge@ff2,c
  1558  001262  0E00               	movlw	0
  1559  001264  2036               	addwfc	??___ftge+1,w,c
  1560  001266  6E33               	movwf	___ftge@ff2+1,c
  1561  001268  0E80               	movlw	128
  1562  00126A  2037               	addwfc	??___ftge+2,w,c
  1563  00126C  6E34               	movwf	___ftge@ff2+2,c
  1564  00126E                     l922:
  1565  00126E  FFFF               	dw	65535	; assembler added errata NOP
  1566  001270  0E00               	movlw	0
  1567  001272  1A2F               	xorwf	___ftge@ff1,f,c
  1568  001274  0E00               	movlw	0
  1569  001276  1A30               	xorwf	___ftge@ff1+1,f,c
  1570  001278  0E80               	movlw	128
  1571  00127A  1A31               	xorwf	___ftge@ff1+2,f,c
  1572  00127C  0E00               	movlw	0
  1573  00127E  1A32               	xorwf	___ftge@ff2,f,c
  1574  001280  0E00               	movlw	0
  1575  001282  1A33               	xorwf	___ftge@ff2+1,f,c
  1576  001284  0E80               	movlw	128
  1577  001286  1A34               	xorwf	___ftge@ff2+2,f,c
  1578  001288  5032               	movf	___ftge@ff2,w,c
  1579  00128A  5C2F               	subwf	___ftge@ff1,w,c
  1580  00128C  5033               	movf	___ftge@ff2+1,w,c
  1581  00128E  5830               	subwfb	___ftge@ff1+1,w,c
  1582  001290  5034               	movf	___ftge@ff2+2,w,c
  1583  001292  5831               	subwfb	___ftge@ff1+2,w,c
  1584  001294  B0D8               	btfsc	status,0,c
  1585  001296  D002               	goto	l2852
  1586  001298  90D8               	bcf	status,0,c
  1587  00129A  D002               	goto	l2854
  1588  00129C                     l2852:
  1589  00129C  FFFF               	dw	65535	; assembler added errata NOP
  1590  00129E  80D8               	bsf	status,0,c
  1591  0012A0                     l2854:
  1592  0012A0  FFFF               	dw	65535	; assembler added errata NOP
  1593  0012A2  0012               	return		;funcret
  1594  0012A4  FFFF               	dw	65535	; errata NOP
  1595  0012A6                     __end_of___ftge:
  1596                           	opt stack 0
  1597                           tblptru	equ	0xFF8
  1598                           tblptrh	equ	0xFF7
  1599                           tblptrl	equ	0xFF6
  1600                           tablat	equ	0xFF5
  1601                           postinc0	equ	0xFEE
  1602                           wreg	equ	0xFE8
  1603                           postdec1	equ	0xFE5
  1604                           fsr1l	equ	0xFE1
  1605                           postinc2	equ	0xFDE
  1606                           postdec2	equ	0xFDD
  1607                           fsr2h	equ	0xFDA
  1608                           fsr2l	equ	0xFD9
  1609                           status	equ	0xFD8
  1610                           
  1611 ;; *************** function ___ftadd *****************
  1612 ;; Defined at:
  1613 ;;		line 86 in file "C:\Programs\Microchip\xc8\v1.44\sources\common\ftadd.c"
  1614 ;; Parameters:    Size  Location     Type
  1615 ;;  f1              3   38[BANK0 ] float 
  1616 ;;  f2              3   41[BANK0 ] float 
  1617 ;; Auto vars:     Size  Location     Type
  1618 ;;  exp1            1   49[BANK0 ] unsigned char 
  1619 ;;  exp2            1   48[BANK0 ] unsigned char 
  1620 ;;  sign            1   47[BANK0 ] unsigned char 
  1621 ;; Return value:  Size  Location     Type
  1622 ;;                  3   38[BANK0 ] float 
  1623 ;; Registers used:
  1624 ;;		wreg, status,2, status,0, cstack
  1625 ;; Tracked objects:
  1626 ;;		On entry : 0/0
  1627 ;;		On exit  : 0/0
  1628 ;;		Unchanged: 0/0
  1629 ;; Data sizes:     COMRAM   BANK0   BANK1   BANK2   BANK3   BANK4   BANK5
  1630 ;;      Params:         0       6       0       0       0       0       0
  1631 ;;      Locals:         0       3       0       0       0       0       0
  1632 ;;      Temps:          0       3       0       0       0       0       0
  1633 ;;      Totals:         0      12       0       0       0       0       0
  1634 ;;Total ram usage:       12 bytes
  1635 ;; Hardware stack levels used:    1
  1636 ;; Hardware stack levels required when called:    6
  1637 ;; This function calls:
  1638 ;;		___ftpack
  1639 ;; This function is called by:
  1640 ;;		_uart_init
  1641 ;;		_ceil
  1642 ;; This function uses a non-reentrant model
  1643 ;;
  1644                           
  1645                           	psect	text6
  1646  000642                     __ptext6:
  1647                           	opt stack 0
  1648  000642                     ___ftadd:
  1649                           	opt stack 0
  1650  000642  FFFF               	dw	65535	; assembler added errata NOP
  1651                           
  1652                           ;incstack = 0
  1653  000644  C0A8  F0AC         	movff	___ftadd@f1+2,??___ftadd
  1654  000648  0100               	movlb	0	; () banked
  1655  00064A  6BAD               	clrf	(??___ftadd+1)& (0+255),b
  1656  00064C  6BAE               	clrf	(??___ftadd+2)& (0+255),b
  1657  00064E  35A7               	rlcf	(___ftadd@f1+1)& (0+255),w,b
  1658  000650  37AC               	rlcf	??___ftadd& (0+255),f,b
  1659  000652  E301               	bnc	u4751
  1660  000654  81AD               	bsf	(??___ftadd+1)& (0+255),0,b
  1661  000656                     u4751:
  1662  000656  51AC               	movf	??___ftadd& (0+255),w,b
  1663  000658  6FB1               	movwf	___ftadd@exp1& (0+255),b
  1664  00065A  C0AB  F0AC         	movff	___ftadd@f2+2,??___ftadd
  1665  00065E  6BAD               	clrf	(??___ftadd+1)& (0+255),b
  1666  000660  6BAE               	clrf	(??___ftadd+2)& (0+255),b
  1667  000662  35AA               	rlcf	(___ftadd@f2+1)& (0+255),w,b
  1668  000664  37AC               	rlcf	??___ftadd& (0+255),f,b
  1669  000666  E301               	bnc	u4761
  1670  000668  81AD               	bsf	(??___ftadd+1)& (0+255),0,b
  1671  00066A                     u4761:
  1672  00066A  51AC               	movf	??___ftadd& (0+255),w,b
  1673  00066C  6FB0               	movwf	___ftadd@exp2& (0+255),b
  1674                           
  1675                           ; BSR set to: 0
  1676  00066E  51B1               	movf	___ftadd@exp1& (0+255),w,b
  1677  000670  B4D8               	btfsc	status,2,c
  1678  000672  D00B               	goto	u4790
  1679                           
  1680                           ; BSR set to: 0
  1681  000674  51B0               	movf	___ftadd@exp2& (0+255),w,b
  1682  000676  5DB1               	subwf	___ftadd@exp1& (0+255),w,b
  1683  000678  B0D8               	btfsc	status,0,c
  1684  00067A  D00F               	goto	l880
  1685                           
  1686                           ; BSR set to: 0
  1687  00067C  51B1               	movf	___ftadd@exp1& (0+255),w,b
  1688  00067E  0800               	sublw	0
  1689  000680  25B0               	addwf	___ftadd@exp2& (0+255),w,b
  1690  000682  6FAC               	movwf	??___ftadd& (0+255),b
  1691  000684  0E18               	movlw	24
  1692  000686  65AC               	cpfsgt	??___ftadd& (0+255),b
  1693  000688  D008               	goto	l880
  1694  00068A                     u4790:
  1695  00068A  FFFF               	dw	65535	; assembler added errata NOP
  1696                           
  1697                           ; BSR set to: 0
  1698  00068C  C0A9  F0A6         	movff	___ftadd@f2,?___ftadd
  1699  000690  C0AA  F0A7         	movff	___ftadd@f2+1,?___ftadd+1
  1700  000694  C0AB  F0A8         	movff	___ftadd@f2+2,?___ftadd+2
  1701  000698  D0BA               	goto	l4338
  1702  00069A                     l880:
  1703  00069A  FFFF               	dw	65535	; assembler added errata NOP
  1704                           
  1705                           ; BSR set to: 0
  1706                           
  1707                           ; BSR set to: 0
  1708  00069C  51B0               	movf	___ftadd@exp2& (0+255),w,b
  1709  00069E  B4D8               	btfsc	status,2,c
  1710  0006A0  D00B               	goto	u4820
  1711                           
  1712                           ; BSR set to: 0
  1713  0006A2  51B1               	movf	___ftadd@exp1& (0+255),w,b
  1714  0006A4  5DB0               	subwf	___ftadd@exp2& (0+255),w,b
  1715  0006A6  B0D8               	btfsc	status,0,c
  1716  0006A8  D00F               	goto	l884
  1717                           
  1718                           ; BSR set to: 0
  1719  0006AA  51B0               	movf	___ftadd@exp2& (0+255),w,b
  1720  0006AC  0800               	sublw	0
  1721  0006AE  25B1               	addwf	___ftadd@exp1& (0+255),w,b
  1722  0006B0  6FAC               	movwf	??___ftadd& (0+255),b
  1723  0006B2  0E18               	movlw	24
  1724  0006B4  65AC               	cpfsgt	??___ftadd& (0+255),b
  1725  0006B6  D008               	goto	l884
  1726  0006B8                     u4820:
  1727  0006B8  FFFF               	dw	65535	; assembler added errata NOP
  1728                           
  1729                           ; BSR set to: 0
  1730  0006BA  C0A6  F0A6         	movff	___ftadd@f1,?___ftadd
  1731  0006BE  C0A7  F0A7         	movff	___ftadd@f1+1,?___ftadd+1
  1732  0006C2  C0A8  F0A8         	movff	___ftadd@f1+2,?___ftadd+2
  1733  0006C6  D0A3               	goto	l4338
  1734  0006C8                     l884:
  1735  0006C8  FFFF               	dw	65535	; assembler added errata NOP
  1736                           
  1737                           ; BSR set to: 0
  1738                           
  1739                           ; BSR set to: 0
  1740  0006CA  0E06               	movlw	6
  1741  0006CC  6FAF               	movwf	___ftadd@sign& (0+255),b
  1742                           
  1743                           ; BSR set to: 0
  1744  0006CE  BFA8               	btfsc	(___ftadd@f1+2)& (0+255),7,b
  1745                           
  1746                           ; BSR set to: 0
  1747  0006D0  8FAF               	bsf	___ftadd@sign& (0+255),7,b
  1748                           
  1749                           ; BSR set to: 0
  1750                           
  1751                           ; BSR set to: 0
  1752  0006D2  BFAB               	btfsc	(___ftadd@f2+2)& (0+255),7,b
  1753                           
  1754                           ; BSR set to: 0
  1755  0006D4  8DAF               	bsf	___ftadd@sign& (0+255),6,b
  1756                           
  1757                           ; BSR set to: 0
  1758  0006D6  8FA7               	bsf	(___ftadd@f1+1)& (0+255),7,b
  1759                           
  1760                           ; BSR set to: 0
  1761  0006D8  0EFF               	movlw	255
  1762  0006DA  17A6               	andwf	___ftadd@f1& (0+255),f,b
  1763  0006DC  0EFF               	movlw	255
  1764  0006DE  17A7               	andwf	(___ftadd@f1+1)& (0+255),f,b
  1765  0006E0  0E00               	movlw	0
  1766  0006E2  17A8               	andwf	(___ftadd@f1+2)& (0+255),f,b
  1767  0006E4  8FAA               	bsf	(___ftadd@f2+1)& (0+255),7,b
  1768                           
  1769                           ; BSR set to: 0
  1770  0006E6  0EFF               	movlw	255
  1771  0006E8  17A9               	andwf	___ftadd@f2& (0+255),f,b
  1772  0006EA  0EFF               	movlw	255
  1773  0006EC  17AA               	andwf	(___ftadd@f2+1)& (0+255),f,b
  1774  0006EE  0E00               	movlw	0
  1775  0006F0  17AB               	andwf	(___ftadd@f2+2)& (0+255),f,b
  1776                           
  1777                           ; BSR set to: 0
  1778  0006F2  51B0               	movf	___ftadd@exp2& (0+255),w,b
  1779  0006F4  5DB1               	subwf	___ftadd@exp1& (0+255),w,b
  1780  0006F6  B0D8               	btfsc	status,0,c
  1781  0006F8  D01E               	goto	l889
  1782  0006FA                     u4850:
  1783  0006FA  FFFF               	dw	65535	; assembler added errata NOP
  1784                           
  1785                           ; BSR set to: 0
  1786                           
  1787                           ; BSR set to: 0
  1788  0006FC  90D8               	bcf	status,0,c
  1789  0006FE  37A9               	rlcf	___ftadd@f2& (0+255),f,b
  1790  000700  37AA               	rlcf	(___ftadd@f2+1)& (0+255),f,b
  1791  000702  37AB               	rlcf	(___ftadd@f2+2)& (0+255),f,b
  1792  000704  07B0               	decf	___ftadd@exp2& (0+255),f,b
  1793                           
  1794                           ; BSR set to: 0
  1795  000706  51B1               	movf	___ftadd@exp1& (0+255),w,b
  1796  000708  19B0               	xorwf	___ftadd@exp2& (0+255),w,b
  1797  00070A  B4D8               	btfsc	status,2,c
  1798  00070C  D00E               	goto	l894
  1799                           
  1800                           ; BSR set to: 0
  1801  00070E  07AF               	decf	___ftadd@sign& (0+255),f,b
  1802  000710  C0AF  F0AC         	movff	___ftadd@sign,??___ftadd
  1803  000714  0E07               	movlw	7
  1804  000716  17AC               	andwf	??___ftadd& (0+255),f,b
  1805  000718  B4D8               	btfsc	status,2,c
  1806  00071A  D007               	goto	l894
  1807  00071C  D7EE               	goto	u4850
  1808  00071E  FFFF               	dw	65535	; assembler added errata NOP
  1809                           
  1810                           ; BSR set to: 0
  1811                           
  1812                           ; BSR set to: 0
  1813  000720  90D8               	bcf	status,0,c
  1814  000722  33A8               	rrcf	(___ftadd@f1+2)& (0+255),f,b
  1815  000724  33A7               	rrcf	(___ftadd@f1+1)& (0+255),f,b
  1816  000726  33A6               	rrcf	___ftadd@f1& (0+255),f,b
  1817  000728  2BB1               	incf	___ftadd@exp1& (0+255),f,b
  1818  00072A                     l894:
  1819  00072A  FFFF               	dw	65535	; assembler added errata NOP
  1820                           
  1821                           ; BSR set to: 0
  1822                           
  1823                           ; BSR set to: 0
  1824  00072C  51B0               	movf	___ftadd@exp2& (0+255),w,b
  1825  00072E  19B1               	xorwf	___ftadd@exp1& (0+255),w,b
  1826  000730  B4D8               	btfsc	status,2,c
  1827  000732  D023               	goto	u4920
  1828  000734  D7F4               	goto	l895
  1829  000736                     l889:
  1830  000736  FFFF               	dw	65535	; assembler added errata NOP
  1831                           
  1832                           ; BSR set to: 0
  1833                           
  1834                           ; BSR set to: 0
  1835  000738  51B1               	movf	___ftadd@exp1& (0+255),w,b
  1836  00073A  5DB0               	subwf	___ftadd@exp2& (0+255),w,b
  1837  00073C  B0D8               	btfsc	status,0,c
  1838  00073E  D01D               	goto	u4920
  1839  000740                     u4890:
  1840  000740  FFFF               	dw	65535	; assembler added errata NOP
  1841                           
  1842                           ; BSR set to: 0
  1843                           
  1844                           ; BSR set to: 0
  1845  000742  90D8               	bcf	status,0,c
  1846  000744  37A6               	rlcf	___ftadd@f1& (0+255),f,b
  1847  000746  37A7               	rlcf	(___ftadd@f1+1)& (0+255),f,b
  1848  000748  37A8               	rlcf	(___ftadd@f1+2)& (0+255),f,b
  1849  00074A  07B1               	decf	___ftadd@exp1& (0+255),f,b
  1850                           
  1851                           ; BSR set to: 0
  1852  00074C  51B1               	movf	___ftadd@exp1& (0+255),w,b
  1853  00074E  19B0               	xorwf	___ftadd@exp2& (0+255),w,b
  1854  000750  B4D8               	btfsc	status,2,c
  1855  000752  D00E               	goto	l903
  1856                           
  1857                           ; BSR set to: 0
  1858  000754  07AF               	decf	___ftadd@sign& (0+255),f,b
  1859  000756  C0AF  F0AC         	movff	___ftadd@sign,??___ftadd
  1860  00075A  0E07               	movlw	7
  1861  00075C  17AC               	andwf	??___ftadd& (0+255),f,b
  1862  00075E  B4D8               	btfsc	status,2,c
  1863  000760  D007               	goto	l903
  1864  000762  D7EE               	goto	u4890
  1865  000764  FFFF               	dw	65535	; assembler added errata NOP
  1866                           
  1867                           ; BSR set to: 0
  1868                           
  1869                           ; BSR set to: 0
  1870  000766  90D8               	bcf	status,0,c
  1871  000768  33AB               	rrcf	(___ftadd@f2+2)& (0+255),f,b
  1872  00076A  33AA               	rrcf	(___ftadd@f2+1)& (0+255),f,b
  1873  00076C  33A9               	rrcf	___ftadd@f2& (0+255),f,b
  1874  00076E  2BB0               	incf	___ftadd@exp2& (0+255),f,b
  1875  000770                     l903:
  1876  000770  FFFF               	dw	65535	; assembler added errata NOP
  1877                           
  1878                           ; BSR set to: 0
  1879                           
  1880                           ; BSR set to: 0
  1881  000772  51B0               	movf	___ftadd@exp2& (0+255),w,b
  1882  000774  19B1               	xorwf	___ftadd@exp1& (0+255),w,b
  1883  000776  A4D8               	btfss	status,2,c
  1884  000778  D7F5               	goto	l904
  1885  00077A                     u4920:
  1886  00077A  FFFF               	dw	65535	; assembler added errata NOP
  1887                           
  1888                           ; BSR set to: 0
  1889                           
  1890                           ; BSR set to: 0
  1891                           
  1892                           ; BSR set to: 0
  1893  00077C  AFAF               	btfss	___ftadd@sign& (0+255),7,b
  1894  00077E  D00C               	goto	l906
  1895                           
  1896                           ; BSR set to: 0
  1897  000780  0EFF               	movlw	255
  1898  000782  1BA6               	xorwf	___ftadd@f1& (0+255),f,b
  1899  000784  0EFF               	movlw	255
  1900  000786  1BA7               	xorwf	(___ftadd@f1+1)& (0+255),f,b
  1901  000788  0EFF               	movlw	255
  1902  00078A  1BA8               	xorwf	(___ftadd@f1+2)& (0+255),f,b
  1903  00078C  0E01               	movlw	1
  1904  00078E  27A6               	addwf	___ftadd@f1& (0+255),f,b
  1905  000790  0E00               	movlw	0
  1906  000792  23A7               	addwfc	(___ftadd@f1+1)& (0+255),f,b
  1907  000794  0E00               	movlw	0
  1908  000796  23A8               	addwfc	(___ftadd@f1+2)& (0+255),f,b
  1909  000798                     l906:
  1910  000798  FFFF               	dw	65535	; assembler added errata NOP
  1911                           
  1912                           ; BSR set to: 0
  1913  00079A  ADAF               	btfss	___ftadd@sign& (0+255),6,b
  1914  00079C  D00C               	goto	l907
  1915                           
  1916                           ; BSR set to: 0
  1917  00079E  0EFF               	movlw	255
  1918  0007A0  1BA9               	xorwf	___ftadd@f2& (0+255),f,b
  1919  0007A2  0EFF               	movlw	255
  1920  0007A4  1BAA               	xorwf	(___ftadd@f2+1)& (0+255),f,b
  1921  0007A6  0EFF               	movlw	255
  1922  0007A8  1BAB               	xorwf	(___ftadd@f2+2)& (0+255),f,b
  1923  0007AA  0E01               	movlw	1
  1924  0007AC  27A9               	addwf	___ftadd@f2& (0+255),f,b
  1925  0007AE  0E00               	movlw	0
  1926  0007B0  23AA               	addwfc	(___ftadd@f2+1)& (0+255),f,b
  1927  0007B2  0E00               	movlw	0
  1928  0007B4  23AB               	addwfc	(___ftadd@f2+2)& (0+255),f,b
  1929  0007B6                     l907:
  1930  0007B6  FFFF               	dw	65535	; assembler added errata NOP
  1931                           
  1932                           ; BSR set to: 0
  1933                           
  1934                           ; BSR set to: 0
  1935  0007B8  0E00               	movlw	0
  1936  0007BA  6FAF               	movwf	___ftadd@sign& (0+255),b
  1937                           
  1938                           ; BSR set to: 0
  1939  0007BC  51A6               	movf	___ftadd@f1& (0+255),w,b
  1940  0007BE  27A9               	addwf	___ftadd@f2& (0+255),f,b
  1941  0007C0  51A7               	movf	(___ftadd@f1+1)& (0+255),w,b
  1942  0007C2  23AA               	addwfc	(___ftadd@f2+1)& (0+255),f,b
  1943  0007C4  51A8               	movf	(___ftadd@f1+2)& (0+255),w,b
  1944  0007C6  23AB               	addwfc	(___ftadd@f2+2)& (0+255),f,b
  1945                           
  1946                           ; BSR set to: 0
  1947  0007C8  AFAB               	btfss	(___ftadd@f2+2)& (0+255),7,b
  1948  0007CA  D00E               	goto	l908
  1949                           
  1950                           ; BSR set to: 0
  1951  0007CC  0EFF               	movlw	255
  1952  0007CE  1BA9               	xorwf	___ftadd@f2& (0+255),f,b
  1953  0007D0  0EFF               	movlw	255
  1954  0007D2  1BAA               	xorwf	(___ftadd@f2+1)& (0+255),f,b
  1955  0007D4  0EFF               	movlw	255
  1956  0007D6  1BAB               	xorwf	(___ftadd@f2+2)& (0+255),f,b
  1957  0007D8  0E01               	movlw	1
  1958  0007DA  27A9               	addwf	___ftadd@f2& (0+255),f,b
  1959  0007DC  0E00               	movlw	0
  1960  0007DE  23AA               	addwfc	(___ftadd@f2+1)& (0+255),f,b
  1961  0007E0  0E00               	movlw	0
  1962  0007E2  23AB               	addwfc	(___ftadd@f2+2)& (0+255),f,b
  1963                           
  1964                           ; BSR set to: 0
  1965  0007E4  0E01               	movlw	1
  1966  0007E6  6FAF               	movwf	___ftadd@sign& (0+255),b
  1967  0007E8                     l908:
  1968  0007E8  FFFF               	dw	65535	; assembler added errata NOP
  1969                           
  1970                           ; BSR set to: 0
  1971                           
  1972                           ; BSR set to: 0
  1973  0007EA  C0A9  F02F         	movff	___ftadd@f2,___ftpack@arg
  1974  0007EE  C0AA  F030         	movff	___ftadd@f2+1,___ftpack@arg+1
  1975  0007F2  C0AB  F031         	movff	___ftadd@f2+2,___ftpack@arg+2
  1976  0007F6  C0B1  F032         	movff	___ftadd@exp1,___ftpack@exp
  1977  0007FA  C0AF  F033         	movff	___ftadd@sign,___ftpack@sign
  1978  0007FE  ECA3  F008         	call	___ftpack	;wreg free
  1979  000802  C02F  F0A6         	movff	?___ftpack,?___ftadd
  1980  000806  C030  F0A7         	movff	?___ftpack+1,?___ftadd+1
  1981  00080A  C031  F0A8         	movff	?___ftpack+2,?___ftadd+2
  1982  00080E                     l4338:
  1983  00080E  FFFF               	dw	65535	; assembler added errata NOP
  1984  000810  0012               	return		;funcret
  1985  000812  FFFF               	dw	65535	; errata NOP
  1986  000814                     __end_of___ftadd:
  1987                           	opt stack 0
  1988                           tblptru	equ	0xFF8
  1989                           tblptrh	equ	0xFF7
  1990                           tblptrl	equ	0xFF6
  1991                           tablat	equ	0xFF5
  1992                           postinc0	equ	0xFEE
  1993                           wreg	equ	0xFE8
  1994                           postdec1	equ	0xFE5
  1995                           fsr1l	equ	0xFE1
  1996                           postinc2	equ	0xFDE
  1997                           postdec2	equ	0xFDD
  1998                           fsr2h	equ	0xFDA
  1999                           fsr2l	equ	0xFD9
  2000                           status	equ	0xFD8
  2001                           
  2002 ;; *************** function ___altoft *****************
  2003 ;; Defined at:
  2004 ;;		line 42 in file "C:\Programs\Microchip\xc8\v1.44\sources\common\altoft.c"
  2005 ;; Parameters:    Size  Location     Type
  2006 ;;  c               4    6[BANK0 ] long 
  2007 ;; Auto vars:     Size  Location     Type
  2008 ;;  sign            1   15[BANK0 ] unsigned char 
  2009 ;;  exp             1   14[BANK0 ] unsigned char 
  2010 ;; Return value:  Size  Location     Type
  2011 ;;                  3    6[BANK0 ] float 
  2012 ;; Registers used:
  2013 ;;		wreg, status,2, status,0, cstack
  2014 ;; Tracked objects:
  2015 ;;		On entry : 0/0
  2016 ;;		On exit  : 0/0
  2017 ;;		Unchanged: 0/0
  2018 ;; Data sizes:     COMRAM   BANK0   BANK1   BANK2   BANK3   BANK4   BANK5
  2019 ;;      Params:         0       4       0       0       0       0       0
  2020 ;;      Locals:         0       2       0       0       0       0       0
  2021 ;;      Temps:          0       4       0       0       0       0       0
  2022 ;;      Totals:         0      10       0       0       0       0       0
  2023 ;;Total ram usage:       10 bytes
  2024 ;; Hardware stack levels used:    1
  2025 ;; Hardware stack levels required when called:    6
  2026 ;; This function calls:
  2027 ;;		___ftpack
  2028 ;; This function is called by:
  2029 ;;		_ceil
  2030 ;; This function uses a non-reentrant model
  2031 ;;
  2032                           
  2033                           	psect	text7
  2034  001438                     __ptext7:
  2035                           	opt stack 0
  2036  001438                     ___altoft:
  2037                           	opt stack 0
  2038  001438  FFFF               	dw	65535	; assembler added errata NOP
  2039                           
  2040                           ;incstack = 0
  2041  00143A  0E00               	movlw	0
  2042  00143C  0100               	movlb	0	; () banked
  2043  00143E  6F8F               	movwf	___altoft@sign& (0+255),b
  2044  001440  0E8E               	movlw	142
  2045  001442  6F8E               	movwf	___altoft@exp& (0+255),b
  2046                           
  2047                           ; BSR set to: 0
  2048  001444  AF89               	btfss	(___altoft@c+3)& (0+255),7,b
  2049  001446  D012               	goto	l693
  2050                           
  2051                           ; BSR set to: 0
  2052  001448  1F89               	comf	(___altoft@c+3)& (0+255),f,b
  2053  00144A  1F88               	comf	(___altoft@c+2)& (0+255),f,b
  2054  00144C  1F87               	comf	(___altoft@c+1)& (0+255),f,b
  2055  00144E  6D86               	negf	___altoft@c& (0+255),b
  2056  001450  0E00               	movlw	0
  2057  001452  2387               	addwfc	(___altoft@c+1)& (0+255),f,b
  2058  001454  2388               	addwfc	(___altoft@c+2)& (0+255),f,b
  2059  001456  2389               	addwfc	(___altoft@c+3)& (0+255),f,b
  2060                           
  2061                           ; BSR set to: 0
  2062  001458  0E01               	movlw	1
  2063  00145A  6F8F               	movwf	___altoft@sign& (0+255),b
  2064                           
  2065                           ; BSR set to: 0
  2066  00145C  D007               	goto	l693
  2067  00145E  FFFF               	dw	65535	; assembler added errata NOP
  2068                           
  2069                           ; BSR set to: 0
  2070                           
  2071                           ; BSR set to: 0
  2072  001460  90D8               	bcf	status,0,c
  2073  001462  3389               	rrcf	(___altoft@c+3)& (0+255),f,b
  2074  001464  3388               	rrcf	(___altoft@c+2)& (0+255),f,b
  2075  001466  3387               	rrcf	(___altoft@c+1)& (0+255),f,b
  2076  001468  3386               	rrcf	___altoft@c& (0+255),f,b
  2077  00146A  2B8E               	incf	___altoft@exp& (0+255),f,b
  2078  00146C                     l693:
  2079  00146C  FFFF               	dw	65535	; assembler added errata NOP
  2080                           
  2081                           ; BSR set to: 0
  2082                           
  2083                           ; BSR set to: 0
  2084  00146E  0E00               	movlw	0
  2085  001470  1586               	andwf	___altoft@c& (0+255),w,b
  2086  001472  6F8A               	movwf	??___altoft& (0+255),b
  2087  001474  0E00               	movlw	0
  2088  001476  1587               	andwf	(___altoft@c+1)& (0+255),w,b
  2089  001478  6F8B               	movwf	(??___altoft+1)& (0+255),b
  2090  00147A  0E00               	movlw	0
  2091  00147C  1588               	andwf	(___altoft@c+2)& (0+255),w,b
  2092  00147E  6F8C               	movwf	(??___altoft+2)& (0+255),b
  2093  001480  0EFF               	movlw	255
  2094  001482  1589               	andwf	(___altoft@c+3)& (0+255),w,b
  2095  001484  6F8D               	movwf	(??___altoft+3)& (0+255),b
  2096  001486  518A               	movf	??___altoft& (0+255),w,b
  2097  001488  118B               	iorwf	(??___altoft+1)& (0+255),w,b
  2098  00148A  118C               	iorwf	(??___altoft+2)& (0+255),w,b
  2099  00148C  118D               	iorwf	(??___altoft+3)& (0+255),w,b
  2100  00148E  A4D8               	btfss	status,2,c
  2101  001490  D7E6               	goto	l694
  2102                           
  2103                           ; BSR set to: 0
  2104                           
  2105                           ; BSR set to: 0
  2106  001492  C086  F02F         	movff	___altoft@c,___ftpack@arg
  2107  001496  C087  F030         	movff	___altoft@c+1,___ftpack@arg+1
  2108  00149A  C088  F031         	movff	___altoft@c+2,___ftpack@arg+2
  2109  00149E  C08E  F032         	movff	___altoft@exp,___ftpack@exp
  2110  0014A2  C08F  F033         	movff	___altoft@sign,___ftpack@sign
  2111  0014A6  ECA3  F008         	call	___ftpack	;wreg free
  2112  0014AA  C02F  F086         	movff	?___ftpack,?___altoft
  2113  0014AE  C030  F087         	movff	?___ftpack+1,?___altoft+1
  2114  0014B2  C031  F088         	movff	?___ftpack+2,?___altoft+2
  2115  0014B6  0012               	return		;funcret
  2116  0014B8  FFFF               	dw	65535	; errata NOP
  2117  0014BA                     __end_of___altoft:
  2118                           	opt stack 0
  2119                           tblptru	equ	0xFF8
  2120                           tblptrh	equ	0xFF7
  2121                           tblptrl	equ	0xFF6
  2122                           tablat	equ	0xFF5
  2123                           postinc0	equ	0xFEE
  2124                           wreg	equ	0xFE8
  2125                           postdec1	equ	0xFE5
  2126                           fsr1l	equ	0xFE1
  2127                           postinc2	equ	0xFDE
  2128                           postdec2	equ	0xFDD
  2129                           fsr2h	equ	0xFDA
  2130                           fsr2l	equ	0xFD9
  2131                           status	equ	0xFD8
  2132                           
  2133 ;; *************** function ___lltoft *****************
  2134 ;; Defined at:
  2135 ;;		line 35 in file "C:\Programs\Microchip\xc8\v1.44\sources\common\lltoft.c"
  2136 ;; Parameters:    Size  Location     Type
  2137 ;;  c               4    0[BANK0 ] unsigned long 
  2138 ;; Auto vars:     Size  Location     Type
  2139 ;;  exp             1   54[COMRAM] unsigned char 
  2140 ;; Return value:  Size  Location     Type
  2141 ;;                  3    0[BANK0 ] float 
  2142 ;; Registers used:
  2143 ;;		wreg, status,2, status,0, cstack
  2144 ;; Tracked objects:
  2145 ;;		On entry : 0/0
  2146 ;;		On exit  : 0/0
  2147 ;;		Unchanged: 0/0
  2148 ;; Data sizes:     COMRAM   BANK0   BANK1   BANK2   BANK3   BANK4   BANK5
  2149 ;;      Params:         0       4       0       0       0       0       0
  2150 ;;      Locals:         1       0       0       0       0       0       0
  2151 ;;      Temps:          0       4       0       0       0       0       0
  2152 ;;      Totals:         1       8       0       0       0       0       0
  2153 ;;Total ram usage:        9 bytes
  2154 ;; Hardware stack levels used:    1
  2155 ;; Hardware stack levels required when called:    6
  2156 ;; This function calls:
  2157 ;;		___ftpack
  2158 ;; This function is called by:
  2159 ;;		_uart_init
  2160 ;; This function uses a non-reentrant model
  2161 ;;
  2162                           
  2163                           	psect	text8
  2164  001530                     __ptext8:
  2165                           	opt stack 0
  2166  001530                     ___lltoft:
  2167                           	opt stack 0
  2168  001530  FFFF               	dw	65535	; assembler added errata NOP
  2169                           
  2170                           ;incstack = 0
  2171  001532  0E8E               	movlw	142
  2172  001534  6E37               	movwf	___lltoft@exp,c
  2173  001536  D008               	goto	l1006
  2174  001538  FFFF               	dw	65535	; assembler added errata NOP
  2175  00153A  0100               	movlb	0	; () banked
  2176  00153C  90D8               	bcf	status,0,c
  2177  00153E  3383               	rrcf	(___lltoft@c+3)& (0+255),f,b
  2178  001540  3382               	rrcf	(___lltoft@c+2)& (0+255),f,b
  2179  001542  3381               	rrcf	(___lltoft@c+1)& (0+255),f,b
  2180  001544  3380               	rrcf	___lltoft@c& (0+255),f,b
  2181  001546  2A37               	incf	___lltoft@exp,f,c
  2182  001548                     l1006:
  2183  001548  FFFF               	dw	65535	; assembler added errata NOP
  2184                           
  2185                           ; BSR set to: 0
  2186  00154A  0E00               	movlw	0
  2187  00154C  0100               	movlb	0	; () banked
  2188  00154E  1580               	andwf	___lltoft@c& (0+255),w,b
  2189  001550  6F84               	movwf	??___lltoft& (0+255),b
  2190  001552  0E00               	movlw	0
  2191  001554  1581               	andwf	(___lltoft@c+1)& (0+255),w,b
  2192  001556  6F85               	movwf	(??___lltoft+1)& (0+255),b
  2193  001558  0E00               	movlw	0
  2194  00155A  1582               	andwf	(___lltoft@c+2)& (0+255),w,b
  2195  00155C  6F86               	movwf	(??___lltoft+2)& (0+255),b
  2196  00155E  0EFF               	movlw	255
  2197  001560  1583               	andwf	(___lltoft@c+3)& (0+255),w,b
  2198  001562  6F87               	movwf	(??___lltoft+3)& (0+255),b
  2199  001564  5184               	movf	??___lltoft& (0+255),w,b
  2200  001566  1185               	iorwf	(??___lltoft+1)& (0+255),w,b
  2201  001568  1186               	iorwf	(??___lltoft+2)& (0+255),w,b
  2202  00156A  1187               	iorwf	(??___lltoft+3)& (0+255),w,b
  2203  00156C  A4D8               	btfss	status,2,c
  2204  00156E  D7E4               	goto	l1007
  2205                           
  2206                           ; BSR set to: 0
  2207                           
  2208                           ; BSR set to: 0
  2209  001570  C080  F02F         	movff	___lltoft@c,___ftpack@arg
  2210  001574  C081  F030         	movff	___lltoft@c+1,___ftpack@arg+1
  2211  001578  C082  F031         	movff	___lltoft@c+2,___ftpack@arg+2
  2212  00157C  C037  F032         	movff	___lltoft@exp,___ftpack@exp
  2213  001580  0E00               	movlw	0
  2214  001582  6E33               	movwf	___ftpack@sign,c
  2215  001584  ECA3  F008         	call	___ftpack	;wreg free
  2216  001588  C02F  F080         	movff	?___ftpack,?___lltoft
  2217  00158C  C030  F081         	movff	?___ftpack+1,?___lltoft+1
  2218  001590  C031  F082         	movff	?___ftpack+2,?___lltoft+2
  2219  001594  0012               	return		;funcret
  2220  001596  FFFF               	dw	65535	; errata NOP
  2221  001598                     __end_of___lltoft:
  2222                           	opt stack 0
  2223                           tblptru	equ	0xFF8
  2224                           tblptrh	equ	0xFF7
  2225                           tblptrl	equ	0xFF6
  2226                           tablat	equ	0xFF5
  2227                           postinc0	equ	0xFEE
  2228                           wreg	equ	0xFE8
  2229                           postdec1	equ	0xFE5
  2230                           fsr1l	equ	0xFE1
  2231                           postinc2	equ	0xFDE
  2232                           postdec2	equ	0xFDD
  2233                           fsr2h	equ	0xFDA
  2234                           fsr2l	equ	0xFD9
  2235                           status	equ	0xFD8
  2236                           
  2237 ;; *************** function ___ftmul *****************
  2238 ;; Defined at:
  2239 ;;		line 62 in file "C:\Programs\Microchip\xc8\v1.44\sources\common\ftmul.c"
  2240 ;; Parameters:    Size  Location     Type
  2241 ;;  f1              3    8[BANK0 ] float 
  2242 ;;  f2              3   11[BANK0 ] float 
  2243 ;; Auto vars:     Size  Location     Type
  2244 ;;  f3_as_produc    3   18[BANK0 ] unsigned um
  2245 ;;  sign            1   22[BANK0 ] unsigned char 
  2246 ;;  cntr            1   21[BANK0 ] unsigned char 
  2247 ;;  exp             1   17[BANK0 ] unsigned char 
  2248 ;; Return value:  Size  Location     Type
  2249 ;;                  3    8[BANK0 ] float 
  2250 ;; Registers used:
  2251 ;;		wreg, status,2, status,0, cstack
  2252 ;; Tracked objects:
  2253 ;;		On entry : 0/0
  2254 ;;		On exit  : 0/0
  2255 ;;		Unchanged: 0/0
  2256 ;; Data sizes:     COMRAM   BANK0   BANK1   BANK2   BANK3   BANK4   BANK5
  2257 ;;      Params:         0       6       0       0       0       0       0
  2258 ;;      Locals:         0       6       0       0       0       0       0
  2259 ;;      Temps:          0       3       0       0       0       0       0
  2260 ;;      Totals:         0      15       0       0       0       0       0
  2261 ;;Total ram usage:       15 bytes
  2262 ;; Hardware stack levels used:    1
  2263 ;; Hardware stack levels required when called:    6
  2264 ;; This function calls:
  2265 ;;		___ftpack
  2266 ;; This function is called by:
  2267 ;;		_uart_init
  2268 ;; This function uses a non-reentrant model
  2269 ;;
  2270                           
  2271                           	psect	text9
  2272  000CBC                     __ptext9:
  2273                           	opt stack 0
  2274  000CBC                     ___ftmul:
  2275                           	opt stack 0
  2276  000CBC  FFFF               	dw	65535	; assembler added errata NOP
  2277                           
  2278                           ;incstack = 0
  2279  000CBE  C08A  F08E         	movff	___ftmul@f1+2,??___ftmul
  2280  000CC2  0100               	movlb	0	; () banked
  2281  000CC4  6B8F               	clrf	(??___ftmul+1)& (0+255),b
  2282  000CC6  6B90               	clrf	(??___ftmul+2)& (0+255),b
  2283  000CC8  3589               	rlcf	(___ftmul@f1+1)& (0+255),w,b
  2284  000CCA  378E               	rlcf	??___ftmul& (0+255),f,b
  2285  000CCC  E301               	bnc	u5351
  2286  000CCE  818F               	bsf	(??___ftmul+1)& (0+255),0,b
  2287  000CD0                     u5351:
  2288  000CD0  518E               	movf	??___ftmul& (0+255),w,b
  2289  000CD2  6F91               	movwf	___ftmul@exp& (0+255),b
  2290  000CD4  5191               	movf	___ftmul@exp& (0+255),w,b
  2291  000CD6  B4D8               	btfsc	status,2,c
  2292  000CD8  D00D               	goto	u5380
  2293                           
  2294                           ; BSR set to: 0
  2295                           
  2296                           ; BSR set to: 0
  2297                           
  2298                           ; BSR set to: 0
  2299                           
  2300                           ; BSR set to: 0
  2301  000CDA  C08D  F08E         	movff	___ftmul@f2+2,??___ftmul
  2302  000CDE  6B8F               	clrf	(??___ftmul+1)& (0+255),b
  2303  000CE0  6B90               	clrf	(??___ftmul+2)& (0+255),b
  2304  000CE2  358C               	rlcf	(___ftmul@f2+1)& (0+255),w,b
  2305  000CE4  378E               	rlcf	??___ftmul& (0+255),f,b
  2306  000CE6  E301               	bnc	u5371
  2307  000CE8  818F               	bsf	(??___ftmul+1)& (0+255),0,b
  2308  000CEA                     u5371:
  2309  000CEA  518E               	movf	??___ftmul& (0+255),w,b
  2310  000CEC  6F96               	movwf	___ftmul@sign& (0+255),b
  2311  000CEE  5196               	movf	___ftmul@sign& (0+255),w,b
  2312  000CF0  A4D8               	btfss	status,2,c
  2313  000CF2  D008               	goto	l930
  2314  000CF4                     u5380:
  2315  000CF4  FFFF               	dw	65535	; assembler added errata NOP
  2316                           
  2317                           ; BSR set to: 0
  2318  000CF6  0E00               	movlw	0
  2319  000CF8  6F88               	movwf	?___ftmul& (0+255),b
  2320  000CFA  0E00               	movlw	0
  2321  000CFC  6F89               	movwf	(?___ftmul+1)& (0+255),b
  2322  000CFE  0E00               	movlw	0
  2323  000D00  6F8A               	movwf	(?___ftmul+2)& (0+255),b
  2324                           
  2325                           ; BSR set to: 0
  2326  000D02  D056               	goto	l4518
  2327  000D04                     l930:
  2328  000D04  FFFF               	dw	65535	; assembler added errata NOP
  2329                           
  2330                           ; BSR set to: 0
  2331                           
  2332                           ; BSR set to: 0
  2333  000D06  5196               	movf	___ftmul@sign& (0+255),w,b
  2334  000D08  0F7B               	addlw	123
  2335  000D0A  2791               	addwf	___ftmul@exp& (0+255),f,b
  2336                           
  2337                           ; BSR set to: 0
  2338  000D0C  C08A  F096         	movff	___ftmul@f1+2,___ftmul@sign
  2339  000D10  518D               	movf	(___ftmul@f2+2)& (0+255),w,b
  2340  000D12  1B96               	xorwf	___ftmul@sign& (0+255),f,b
  2341  000D14  0E80               	movlw	128
  2342  000D16  1796               	andwf	___ftmul@sign& (0+255),f,b
  2343                           
  2344                           ; BSR set to: 0
  2345  000D18  8F89               	bsf	(___ftmul@f1+1)& (0+255),7,b
  2346                           
  2347                           ; BSR set to: 0
  2348  000D1A  8F8C               	bsf	(___ftmul@f2+1)& (0+255),7,b
  2349                           
  2350                           ; BSR set to: 0
  2351  000D1C  0EFF               	movlw	255
  2352  000D1E  178B               	andwf	___ftmul@f2& (0+255),f,b
  2353  000D20  0EFF               	movlw	255
  2354  000D22  178C               	andwf	(___ftmul@f2+1)& (0+255),f,b
  2355  000D24  0E00               	movlw	0
  2356  000D26  178D               	andwf	(___ftmul@f2+2)& (0+255),f,b
  2357                           
  2358                           ; BSR set to: 0
  2359  000D28  0E00               	movlw	0
  2360  000D2A  6F92               	movwf	___ftmul@f3_as_product& (0+255),b
  2361  000D2C  0E00               	movlw	0
  2362  000D2E  6F93               	movwf	(___ftmul@f3_as_product+1)& (0+255),b
  2363  000D30  0E00               	movlw	0
  2364  000D32  6F94               	movwf	(___ftmul@f3_as_product+2)& (0+255),b
  2365                           
  2366                           ; BSR set to: 0
  2367  000D34  0E07               	movlw	7
  2368  000D36  6F95               	movwf	___ftmul@cntr& (0+255),b
  2369  000D38  FFFF               	dw	65535	; assembler added errata NOP
  2370                           
  2371                           ; BSR set to: 0
  2372                           
  2373                           ; BSR set to: 0
  2374  000D3A  A188               	btfss	___ftmul@f1& (0+255),0,b
  2375  000D3C  D006               	goto	l932
  2376                           
  2377                           ; BSR set to: 0
  2378  000D3E  518B               	movf	___ftmul@f2& (0+255),w,b
  2379  000D40  2792               	addwf	___ftmul@f3_as_product& (0+255),f,b
  2380  000D42  518C               	movf	(___ftmul@f2+1)& (0+255),w,b
  2381  000D44  2393               	addwfc	(___ftmul@f3_as_product+1)& (0+255),f,b
  2382  000D46  518D               	movf	(___ftmul@f2+2)& (0+255),w,b
  2383  000D48  2394               	addwfc	(___ftmul@f3_as_product+2)& (0+255),f,b
  2384  000D4A                     l932:
  2385  000D4A  FFFF               	dw	65535	; assembler added errata NOP
  2386                           
  2387                           ; BSR set to: 0
  2388                           
  2389                           ; BSR set to: 0
  2390  000D4C  90D8               	bcf	status,0,c
  2391  000D4E  338A               	rrcf	(___ftmul@f1+2)& (0+255),f,b
  2392  000D50  3389               	rrcf	(___ftmul@f1+1)& (0+255),f,b
  2393  000D52  3388               	rrcf	___ftmul@f1& (0+255),f,b
  2394  000D54  90D8               	bcf	status,0,c
  2395  000D56  378B               	rlcf	___ftmul@f2& (0+255),f,b
  2396  000D58  378C               	rlcf	(___ftmul@f2+1)& (0+255),f,b
  2397  000D5A  378D               	rlcf	(___ftmul@f2+2)& (0+255),f,b
  2398                           
  2399                           ; BSR set to: 0
  2400  000D5C  2F95               	decfsz	___ftmul@cntr& (0+255),f,b
  2401  000D5E  D7EC               	goto	l931
  2402                           
  2403                           ; BSR set to: 0
  2404                           
  2405                           ; BSR set to: 0
  2406  000D60  0E09               	movlw	9
  2407  000D62  6F95               	movwf	___ftmul@cntr& (0+255),b
  2408  000D64  FFFF               	dw	65535	; assembler added errata NOP
  2409                           
  2410                           ; BSR set to: 0
  2411                           
  2412                           ; BSR set to: 0
  2413  000D66  A188               	btfss	___ftmul@f1& (0+255),0,b
  2414  000D68  D006               	goto	l935
  2415                           
  2416                           ; BSR set to: 0
  2417  000D6A  518B               	movf	___ftmul@f2& (0+255),w,b
  2418  000D6C  2792               	addwf	___ftmul@f3_as_product& (0+255),f,b
  2419  000D6E  518C               	movf	(___ftmul@f2+1)& (0+255),w,b
  2420  000D70  2393               	addwfc	(___ftmul@f3_as_product+1)& (0+255),f,b
  2421  000D72  518D               	movf	(___ftmul@f2+2)& (0+255),w,b
  2422  000D74  2394               	addwfc	(___ftmul@f3_as_product+2)& (0+255),f,b
  2423  000D76                     l935:
  2424  000D76  FFFF               	dw	65535	; assembler added errata NOP
  2425                           
  2426                           ; BSR set to: 0
  2427                           
  2428                           ; BSR set to: 0
  2429  000D78  90D8               	bcf	status,0,c
  2430  000D7A  338A               	rrcf	(___ftmul@f1+2)& (0+255),f,b
  2431  000D7C  3389               	rrcf	(___ftmul@f1+1)& (0+255),f,b
  2432  000D7E  3388               	rrcf	___ftmul@f1& (0+255),f,b
  2433  000D80  90D8               	bcf	status,0,c
  2434  000D82  3394               	rrcf	(___ftmul@f3_as_product+2)& (0+255),f,b
  2435  000D84  3393               	rrcf	(___ftmul@f3_as_product+1)& (0+255),f,b
  2436  000D86  3392               	rrcf	___ftmul@f3_as_product& (0+255),f,b
  2437                           
  2438                           ; BSR set to: 0
  2439  000D88  2F95               	decfsz	___ftmul@cntr& (0+255),f,b
  2440  000D8A  D7EC               	goto	l934
  2441                           
  2442                           ; BSR set to: 0
  2443                           
  2444                           ; BSR set to: 0
  2445  000D8C  C092  F02F         	movff	___ftmul@f3_as_product,___ftpack@arg
  2446  000D90  C093  F030         	movff	___ftmul@f3_as_product+1,___ftpack@arg+1
  2447  000D94  C094  F031         	movff	___ftmul@f3_as_product+2,___ftpack@arg+2
  2448  000D98  C091  F032         	movff	___ftmul@exp,___ftpack@exp
  2449  000D9C  C096  F033         	movff	___ftmul@sign,___ftpack@sign
  2450  000DA0  ECA3  F008         	call	___ftpack	;wreg free
  2451  000DA4  C02F  F088         	movff	?___ftpack,?___ftmul
  2452  000DA8  C030  F089         	movff	?___ftpack+1,?___ftmul+1
  2453  000DAC  C031  F08A         	movff	?___ftpack+2,?___ftmul+2
  2454  000DB0                     l4518:
  2455  000DB0  FFFF               	dw	65535	; assembler added errata NOP
  2456  000DB2  0012               	return		;funcret
  2457  000DB4  FFFF               	dw	65535	; errata NOP
  2458  000DB6                     __end_of___ftmul:
  2459                           	opt stack 0
  2460                           tblptru	equ	0xFF8
  2461                           tblptrh	equ	0xFF7
  2462                           tblptrl	equ	0xFF6
  2463                           tablat	equ	0xFF5
  2464                           postinc0	equ	0xFEE
  2465                           wreg	equ	0xFE8
  2466                           postdec1	equ	0xFE5
  2467                           fsr1l	equ	0xFE1
  2468                           postinc2	equ	0xFDE
  2469                           postdec2	equ	0xFDD
  2470                           fsr2h	equ	0xFDA
  2471                           fsr2l	equ	0xFD9
  2472                           status	equ	0xFD8
  2473                           
  2474 ;; *************** function ___ftdiv *****************
  2475 ;; Defined at:
  2476 ;;		line 54 in file "C:\Programs\Microchip\xc8\v1.44\sources\common\ftdiv.c"
  2477 ;; Parameters:    Size  Location     Type
  2478 ;;  f1              3   23[BANK0 ] float 
  2479 ;;  f2              3   26[BANK0 ] float 
  2480 ;; Auto vars:     Size  Location     Type
  2481 ;;  f3              3   33[BANK0 ] float 
  2482 ;;  sign            1   37[BANK0 ] unsigned char 
  2483 ;;  exp             1   36[BANK0 ] unsigned char 
  2484 ;;  cntr            1   32[BANK0 ] unsigned char 
  2485 ;; Return value:  Size  Location     Type
  2486 ;;                  3   23[BANK0 ] float 
  2487 ;; Registers used:
  2488 ;;		wreg, status,2, status,0, cstack
  2489 ;; Tracked objects:
  2490 ;;		On entry : 0/0
  2491 ;;		On exit  : 0/0
  2492 ;;		Unchanged: 0/0
  2493 ;; Data sizes:     COMRAM   BANK0   BANK1   BANK2   BANK3   BANK4   BANK5
  2494 ;;      Params:         0       6       0       0       0       0       0
  2495 ;;      Locals:         0       6       0       0       0       0       0
  2496 ;;      Temps:          0       3       0       0       0       0       0
  2497 ;;      Totals:         0      15       0       0       0       0       0
  2498 ;;Total ram usage:       15 bytes
  2499 ;; Hardware stack levels used:    1
  2500 ;; Hardware stack levels required when called:    6
  2501 ;; This function calls:
  2502 ;;		___ftpack
  2503 ;; This function is called by:
  2504 ;;		_uart_init
  2505 ;; This function uses a non-reentrant model
  2506 ;;
  2507                           
  2508                           	psect	text10
  2509  000EA2                     __ptext10:
  2510                           	opt stack 0
  2511  000EA2                     ___ftdiv:
  2512                           	opt stack 0
  2513  000EA2  FFFF               	dw	65535	; assembler added errata NOP
  2514                           
  2515                           ;incstack = 0
  2516  000EA4  C099  F09D         	movff	___ftdiv@f1+2,??___ftdiv
  2517  000EA8  0100               	movlb	0	; () banked
  2518  000EAA  6B9E               	clrf	(??___ftdiv+1)& (0+255),b
  2519  000EAC  6B9F               	clrf	(??___ftdiv+2)& (0+255),b
  2520  000EAE  3598               	rlcf	(___ftdiv@f1+1)& (0+255),w,b
  2521  000EB0  379D               	rlcf	??___ftdiv& (0+255),f,b
  2522  000EB2  E301               	bnc	u5301
  2523  000EB4  819E               	bsf	(??___ftdiv+1)& (0+255),0,b
  2524  000EB6                     u5301:
  2525  000EB6  519D               	movf	??___ftdiv& (0+255),w,b
  2526  000EB8  6FA4               	movwf	___ftdiv@exp& (0+255),b
  2527  000EBA  51A4               	movf	___ftdiv@exp& (0+255),w,b
  2528  000EBC  B4D8               	btfsc	status,2,c
  2529  000EBE  D00D               	goto	u5330
  2530                           
  2531                           ; BSR set to: 0
  2532                           
  2533                           ; BSR set to: 0
  2534                           
  2535                           ; BSR set to: 0
  2536                           
  2537                           ; BSR set to: 0
  2538  000EC0  C09C  F09D         	movff	___ftdiv@f2+2,??___ftdiv
  2539  000EC4  6B9E               	clrf	(??___ftdiv+1)& (0+255),b
  2540  000EC6  6B9F               	clrf	(??___ftdiv+2)& (0+255),b
  2541  000EC8  359B               	rlcf	(___ftdiv@f2+1)& (0+255),w,b
  2542  000ECA  379D               	rlcf	??___ftdiv& (0+255),f,b
  2543  000ECC  E301               	bnc	u5321
  2544  000ECE  819E               	bsf	(??___ftdiv+1)& (0+255),0,b
  2545  000ED0                     u5321:
  2546  000ED0  519D               	movf	??___ftdiv& (0+255),w,b
  2547  000ED2  6FA5               	movwf	___ftdiv@sign& (0+255),b
  2548  000ED4  51A5               	movf	___ftdiv@sign& (0+255),w,b
  2549  000ED6  A4D8               	btfss	status,2,c
  2550  000ED8  D008               	goto	l915
  2551  000EDA                     u5330:
  2552  000EDA  FFFF               	dw	65535	; assembler added errata NOP
  2553                           
  2554                           ; BSR set to: 0
  2555  000EDC  0E00               	movlw	0
  2556  000EDE  6F97               	movwf	?___ftdiv& (0+255),b
  2557  000EE0  0E00               	movlw	0
  2558  000EE2  6F98               	movwf	(?___ftdiv+1)& (0+255),b
  2559  000EE4  0E00               	movlw	0
  2560  000EE6  6F99               	movwf	(?___ftdiv+2)& (0+255),b
  2561                           
  2562                           ; BSR set to: 0
  2563  000EE8  D04D               	goto	l4470
  2564  000EEA                     l915:
  2565  000EEA  FFFF               	dw	65535	; assembler added errata NOP
  2566                           
  2567                           ; BSR set to: 0
  2568                           
  2569                           ; BSR set to: 0
  2570  000EEC  0E00               	movlw	0
  2571  000EEE  6FA1               	movwf	___ftdiv@f3& (0+255),b
  2572  000EF0  0E00               	movlw	0
  2573  000EF2  6FA2               	movwf	(___ftdiv@f3+1)& (0+255),b
  2574  000EF4  0E00               	movlw	0
  2575  000EF6  6FA3               	movwf	(___ftdiv@f3+2)& (0+255),b
  2576                           
  2577                           ; BSR set to: 0
  2578  000EF8  51A5               	movf	___ftdiv@sign& (0+255),w,b
  2579  000EFA  0F89               	addlw	137
  2580  000EFC  5FA4               	subwf	___ftdiv@exp& (0+255),f,b
  2581                           
  2582                           ; BSR set to: 0
  2583  000EFE  C099  F0A5         	movff	___ftdiv@f1+2,___ftdiv@sign
  2584                           
  2585                           ; BSR set to: 0
  2586  000F02  519C               	movf	(___ftdiv@f2+2)& (0+255),w,b
  2587  000F04  1BA5               	xorwf	___ftdiv@sign& (0+255),f,b
  2588                           
  2589                           ; BSR set to: 0
  2590  000F06  0E80               	movlw	128
  2591  000F08  17A5               	andwf	___ftdiv@sign& (0+255),f,b
  2592                           
  2593                           ; BSR set to: 0
  2594  000F0A  8F98               	bsf	(___ftdiv@f1+1)& (0+255),7,b
  2595                           
  2596                           ; BSR set to: 0
  2597  000F0C  0EFF               	movlw	255
  2598  000F0E  1797               	andwf	___ftdiv@f1& (0+255),f,b
  2599  000F10  0EFF               	movlw	255
  2600  000F12  1798               	andwf	(___ftdiv@f1+1)& (0+255),f,b
  2601  000F14  0E00               	movlw	0
  2602  000F16  1799               	andwf	(___ftdiv@f1+2)& (0+255),f,b
  2603                           
  2604                           ; BSR set to: 0
  2605  000F18  8F9B               	bsf	(___ftdiv@f2+1)& (0+255),7,b
  2606                           
  2607                           ; BSR set to: 0
  2608  000F1A  0EFF               	movlw	255
  2609  000F1C  179A               	andwf	___ftdiv@f2& (0+255),f,b
  2610  000F1E  0EFF               	movlw	255
  2611  000F20  179B               	andwf	(___ftdiv@f2+1)& (0+255),f,b
  2612  000F22  0E00               	movlw	0
  2613  000F24  179C               	andwf	(___ftdiv@f2+2)& (0+255),f,b
  2614                           
  2615                           ; BSR set to: 0
  2616  000F26  0E18               	movlw	24
  2617  000F28  6FA0               	movwf	___ftdiv@cntr& (0+255),b
  2618  000F2A  FFFF               	dw	65535	; assembler added errata NOP
  2619                           
  2620                           ; BSR set to: 0
  2621                           
  2622                           ; BSR set to: 0
  2623  000F2C  90D8               	bcf	status,0,c
  2624  000F2E  37A1               	rlcf	___ftdiv@f3& (0+255),f,b
  2625  000F30  37A2               	rlcf	(___ftdiv@f3+1)& (0+255),f,b
  2626  000F32  37A3               	rlcf	(___ftdiv@f3+2)& (0+255),f,b
  2627                           
  2628                           ; BSR set to: 0
  2629  000F34  519A               	movf	___ftdiv@f2& (0+255),w,b
  2630  000F36  5D97               	subwf	___ftdiv@f1& (0+255),w,b
  2631  000F38  519B               	movf	(___ftdiv@f2+1)& (0+255),w,b
  2632  000F3A  5998               	subwfb	(___ftdiv@f1+1)& (0+255),w,b
  2633  000F3C  519C               	movf	(___ftdiv@f2+2)& (0+255),w,b
  2634  000F3E  5999               	subwfb	(___ftdiv@f1+2)& (0+255),w,b
  2635  000F40  A0D8               	btfss	status,0,c
  2636  000F42  D007               	goto	l917
  2637                           
  2638                           ; BSR set to: 0
  2639  000F44  519A               	movf	___ftdiv@f2& (0+255),w,b
  2640  000F46  5F97               	subwf	___ftdiv@f1& (0+255),f,b
  2641  000F48  519B               	movf	(___ftdiv@f2+1)& (0+255),w,b
  2642  000F4A  5B98               	subwfb	(___ftdiv@f1+1)& (0+255),f,b
  2643  000F4C  519C               	movf	(___ftdiv@f2+2)& (0+255),w,b
  2644  000F4E  5B99               	subwfb	(___ftdiv@f1+2)& (0+255),f,b
  2645                           
  2646                           ; BSR set to: 0
  2647  000F50  81A1               	bsf	___ftdiv@f3& (0+255),0,b
  2648  000F52                     l917:
  2649  000F52  FFFF               	dw	65535	; assembler added errata NOP
  2650                           
  2651                           ; BSR set to: 0
  2652  000F54  90D8               	bcf	status,0,c
  2653  000F56  3797               	rlcf	___ftdiv@f1& (0+255),f,b
  2654  000F58  3798               	rlcf	(___ftdiv@f1+1)& (0+255),f,b
  2655  000F5A  3799               	rlcf	(___ftdiv@f1+2)& (0+255),f,b
  2656                           
  2657                           ; BSR set to: 0
  2658  000F5C  2FA0               	decfsz	___ftdiv@cntr& (0+255),f,b
  2659  000F5E  D7E5               	goto	l916
  2660                           
  2661                           ; BSR set to: 0
  2662                           
  2663                           ; BSR set to: 0
  2664  000F60  C0A1  F02F         	movff	___ftdiv@f3,___ftpack@arg
  2665  000F64  C0A2  F030         	movff	___ftdiv@f3+1,___ftpack@arg+1
  2666  000F68  C0A3  F031         	movff	___ftdiv@f3+2,___ftpack@arg+2
  2667  000F6C  C0A4  F032         	movff	___ftdiv@exp,___ftpack@exp
  2668  000F70  C0A5  F033         	movff	___ftdiv@sign,___ftpack@sign
  2669  000F74  ECA3  F008         	call	___ftpack	;wreg free
  2670  000F78  C02F  F097         	movff	?___ftpack,?___ftdiv
  2671  000F7C  C030  F098         	movff	?___ftpack+1,?___ftdiv+1
  2672  000F80  C031  F099         	movff	?___ftpack+2,?___ftdiv+2
  2673  000F84                     l4470:
  2674  000F84  FFFF               	dw	65535	; assembler added errata NOP
  2675  000F86  0012               	return		;funcret
  2676  000F88  FFFF               	dw	65535	; errata NOP
  2677  000F8A                     __end_of___ftdiv:
  2678                           	opt stack 0
  2679                           tblptru	equ	0xFF8
  2680                           tblptrh	equ	0xFF7
  2681                           tblptrl	equ	0xFF6
  2682                           tablat	equ	0xFF5
  2683                           postinc0	equ	0xFEE
  2684                           wreg	equ	0xFE8
  2685                           postdec1	equ	0xFE5
  2686                           fsr1l	equ	0xFE1
  2687                           postinc2	equ	0xFDE
  2688                           postdec2	equ	0xFDD
  2689                           fsr2h	equ	0xFDA
  2690                           fsr2l	equ	0xFD9
  2691                           status	equ	0xFD8
  2692                           
  2693 ;; *************** function ___ftpack *****************
  2694 ;; Defined at:
  2695 ;;		line 62 in file "C:\Programs\Microchip\xc8\v1.44\sources\common\float.c"
  2696 ;; Parameters:    Size  Location     Type
  2697 ;;  arg             3   46[COMRAM] unsigned um
  2698 ;;  exp             1   49[COMRAM] unsigned char 
  2699 ;;  sign            1   50[COMRAM] unsigned char 
  2700 ;; Auto vars:     Size  Location     Type
  2701 ;;		None
  2702 ;; Return value:  Size  Location     Type
  2703 ;;                  3   46[COMRAM] float 
  2704 ;; Registers used:
  2705 ;;		wreg, status,2, status,0
  2706 ;; Tracked objects:
  2707 ;;		On entry : 0/0
  2708 ;;		On exit  : 0/0
  2709 ;;		Unchanged: 0/0
  2710 ;; Data sizes:     COMRAM   BANK0   BANK1   BANK2   BANK3   BANK4   BANK5
  2711 ;;      Params:         5       0       0       0       0       0       0
  2712 ;;      Locals:         0       0       0       0       0       0       0
  2713 ;;      Temps:          3       0       0       0       0       0       0
  2714 ;;      Totals:         8       0       0       0       0       0       0
  2715 ;;Total ram usage:        8 bytes
  2716 ;; Hardware stack levels used:    1
  2717 ;; Hardware stack levels required when called:    5
  2718 ;; This function calls:
  2719 ;;		Nothing
  2720 ;; This function is called by:
  2721 ;;		___altoft
  2722 ;;		___ftadd
  2723 ;;		___ftdiv
  2724 ;;		___ftmul
  2725 ;;		___lltoft
  2726 ;; This function uses a non-reentrant model
  2727 ;;
  2728                           
  2729                           	psect	text11
  2730  001146                     __ptext11:
  2731                           	opt stack 0
  2732  001146                     ___ftpack:
  2733                           	opt stack 0
  2734  001146  FFFF               	dw	65535	; assembler added errata NOP
  2735                           
  2736                           ;incstack = 0
  2737  001148  5032               	movf	___ftpack@exp,w,c
  2738  00114A  B4D8               	btfsc	status,2,c
  2739  00114C  D005               	goto	u4660
  2740  00114E  502F               	movf	___ftpack@arg,w,c
  2741  001150  1030               	iorwf	___ftpack@arg+1,w,c
  2742  001152  1031               	iorwf	___ftpack@arg+2,w,c
  2743  001154  A4D8               	btfss	status,2,c
  2744  001156  D00E               	goto	l833
  2745  001158                     u4660:
  2746  001158  FFFF               	dw	65535	; assembler added errata NOP
  2747  00115A  0E00               	movlw	0
  2748  00115C  6E2F               	movwf	?___ftpack,c
  2749  00115E  0E00               	movlw	0
  2750  001160  6E30               	movwf	?___ftpack+1,c
  2751  001162  0E00               	movlw	0
  2752  001164  6E31               	movwf	?___ftpack+2,c
  2753  001166  D04E               	goto	l4252
  2754  001168  FFFF               	dw	65535	; assembler added errata NOP
  2755  00116A  2A32               	incf	___ftpack@exp,f,c
  2756  00116C  90D8               	bcf	status,0,c
  2757  00116E  3231               	rrcf	___ftpack@arg+2,f,c
  2758  001170  3230               	rrcf	___ftpack@arg+1,f,c
  2759  001172  322F               	rrcf	___ftpack@arg,f,c
  2760  001174                     l833:
  2761  001174  FFFF               	dw	65535	; assembler added errata NOP
  2762  001176  0E00               	movlw	0
  2763  001178  142F               	andwf	___ftpack@arg,w,c
  2764  00117A  6E34               	movwf	??___ftpack& (0+255),c
  2765  00117C  0E00               	movlw	0
  2766  00117E  1430               	andwf	___ftpack@arg+1,w,c
  2767  001180  6E35               	movwf	(??___ftpack+1)& (0+255),c
  2768  001182  0EFE               	movlw	254
  2769  001184  1431               	andwf	___ftpack@arg+2,w,c
  2770  001186  6E36               	movwf	(??___ftpack+2)& (0+255),c
  2771  001188  5034               	movf	??___ftpack,w,c
  2772  00118A  1035               	iorwf	??___ftpack+1,w,c
  2773  00118C  1036               	iorwf	??___ftpack+2,w,c
  2774  00118E  B4D8               	btfsc	status,2,c
  2775  001190  D00D               	goto	l836
  2776  001192  D7EA               	goto	l834
  2777  001194  FFFF               	dw	65535	; assembler added errata NOP
  2778  001196  2A32               	incf	___ftpack@exp,f,c
  2779  001198  0E01               	movlw	1
  2780  00119A  262F               	addwf	___ftpack@arg,f,c
  2781  00119C  0E00               	movlw	0
  2782  00119E  2230               	addwfc	___ftpack@arg+1,f,c
  2783  0011A0  0E00               	movlw	0
  2784  0011A2  2231               	addwfc	___ftpack@arg+2,f,c
  2785  0011A4  90D8               	bcf	status,0,c
  2786  0011A6  3231               	rrcf	___ftpack@arg+2,f,c
  2787  0011A8  3230               	rrcf	___ftpack@arg+1,f,c
  2788  0011AA  322F               	rrcf	___ftpack@arg,f,c
  2789  0011AC                     l836:
  2790  0011AC  FFFF               	dw	65535	; assembler added errata NOP
  2791  0011AE  0E00               	movlw	0
  2792  0011B0  142F               	andwf	___ftpack@arg,w,c
  2793  0011B2  6E34               	movwf	??___ftpack& (0+255),c
  2794  0011B4  0E00               	movlw	0
  2795  0011B6  1430               	andwf	___ftpack@arg+1,w,c
  2796  0011B8  6E35               	movwf	(??___ftpack+1)& (0+255),c
  2797  0011BA  0EFF               	movlw	255
  2798  0011BC  1431               	andwf	___ftpack@arg+2,w,c
  2799  0011BE  6E36               	movwf	(??___ftpack+2)& (0+255),c
  2800  0011C0  5034               	movf	??___ftpack,w,c
  2801  0011C2  1035               	iorwf	??___ftpack+1,w,c
  2802  0011C4  1036               	iorwf	??___ftpack+2,w,c
  2803  0011C6  B4D8               	btfsc	status,2,c
  2804  0011C8  D007               	goto	l839
  2805  0011CA  D7E4               	goto	l837
  2806  0011CC  FFFF               	dw	65535	; assembler added errata NOP
  2807  0011CE  0632               	decf	___ftpack@exp,f,c
  2808  0011D0  90D8               	bcf	status,0,c
  2809  0011D2  362F               	rlcf	___ftpack@arg,f,c
  2810  0011D4  3630               	rlcf	___ftpack@arg+1,f,c
  2811  0011D6  3631               	rlcf	___ftpack@arg+2,f,c
  2812  0011D8                     l839:
  2813  0011D8  FFFF               	dw	65535	; assembler added errata NOP
  2814  0011DA  BE30               	btfsc	___ftpack@arg+1,7,c
  2815  0011DC  D003               	goto	u4700
  2816  0011DE  0E02               	movlw	2
  2817  0011E0  6032               	cpfslt	___ftpack@exp,c
  2818  0011E2  D7F4               	goto	l840
  2819  0011E4                     u4700:
  2820  0011E4  FFFF               	dw	65535	; assembler added errata NOP
  2821  0011E6  A032               	btfss	___ftpack@exp,0,c
  2822  0011E8  9E30               	bcf	___ftpack@arg+1,7,c
  2823  0011EA  90D8               	bcf	status,0,c
  2824  0011EC  3232               	rrcf	___ftpack@exp,f,c
  2825  0011EE  5032               	movf	___ftpack@exp,w,c
  2826  0011F0  1231               	iorwf	___ftpack@arg+2,f,c
  2827  0011F2  5033               	movf	___ftpack@sign,w,c
  2828  0011F4  A4D8               	btfss	status,2,c
  2829  0011F6  8E31               	bsf	___ftpack@arg+2,7,c
  2830  0011F8  C02F  F02F         	movff	___ftpack@arg,?___ftpack
  2831  0011FC  C030  F030         	movff	___ftpack@arg+1,?___ftpack+1
  2832  001200  C031  F031         	movff	___ftpack@arg+2,?___ftpack+2
  2833  001204                     l4252:
  2834  001204  FFFF               	dw	65535	; assembler added errata NOP
  2835  001206  0012               	return		;funcret
  2836  001208  FFFF               	dw	65535	; errata NOP
  2837  00120A                     __end_of___ftpack:
  2838                           	opt stack 0
  2839                           tblptru	equ	0xFF8
  2840                           tblptrh	equ	0xFF7
  2841                           tblptrl	equ	0xFF6
  2842                           tablat	equ	0xFF5
  2843                           postinc0	equ	0xFEE
  2844                           wreg	equ	0xFE8
  2845                           postdec1	equ	0xFE5
  2846                           fsr1l	equ	0xFE1
  2847                           postinc2	equ	0xFDE
  2848                           postdec2	equ	0xFDD
  2849                           fsr2h	equ	0xFDA
  2850                           fsr2l	equ	0xFD9
  2851                           status	equ	0xFD8
  2852                           
  2853 ;; *************** function _timer2_init *****************
  2854 ;; Defined at:
  2855 ;;		line 82 in file "../../../../Libraries/lib_pic/timer.c"
  2856 ;; Parameters:    Size  Location     Type
  2857 ;;  scaler          1    wreg     enum E2470
  2858 ;;  timer           2   46[COMRAM] unsigned short 
  2859 ;; Auto vars:     Size  Location     Type
  2860 ;;  scaler          1   49[COMRAM] enum E2470
  2861 ;; Return value:  Size  Location     Type
  2862 ;;                  1    wreg      void 
  2863 ;; Registers used:
  2864 ;;		wreg, status,2, status,0
  2865 ;; Tracked objects:
  2866 ;;		On entry : 0/0
  2867 ;;		On exit  : 0/0
  2868 ;;		Unchanged: 0/0
  2869 ;; Data sizes:     COMRAM   BANK0   BANK1   BANK2   BANK3   BANK4   BANK5
  2870 ;;      Params:         2       0       0       0       0       0       0
  2871 ;;      Locals:         1       0       0       0       0       0       0
  2872 ;;      Temps:          1       0       0       0       0       0       0
  2873 ;;      Totals:         4       0       0       0       0       0       0
  2874 ;;Total ram usage:        4 bytes
  2875 ;; Hardware stack levels used:    1
  2876 ;; Hardware stack levels required when called:    5
  2877 ;; This function calls:
  2878 ;;		Nothing
  2879 ;; This function is called by:
  2880 ;;		_main
  2881 ;; This function uses a non-reentrant model
  2882 ;;
  2883                           
  2884                           	psect	text12
  2885  00179C                     __ptext12:
  2886                           	opt stack 0
  2887  00179C                     _timer2_init:
  2888                           	opt stack 0
  2889  00179C  FFFF               	dw	65535	; assembler added errata NOP
  2890                           
  2891                           ;incstack = 0
  2892                           ;timer2_init@scaler stored from wreg
  2893  00179E  6E32               	movwf	timer2_init@scaler,c
  2894                           
  2895                           ;timer.c: 86: PIE1bits.TMR2IE = 1;
  2896  0017A0  829D               	bsf	3997,1,c	;volatile
  2897                           
  2898                           ;timer.c: 88: INTCONbits.GIE = 1;
  2899  0017A2  8EF2               	bsf	intcon,7,c	;volatile
  2900                           
  2901                           ;timer.c: 89: INTCONbits.PEIE = 1;
  2902  0017A4  8CF2               	bsf	intcon,6,c	;volatile
  2903                           
  2904                           ;timer.c: 91: PR2 = timer;
  2905  0017A6  C02F  FFCB         	movff	timer2_init@timer,4043	;volatile
  2906                           
  2907                           ;timer.c: 93: T2CONbits.T2CKPS = 3;
  2908  0017AA  0E03               	movlw	3
  2909  0017AC  12CA               	iorwf	4042,f,c	;volatile
  2910                           
  2911                           ;timer.c: 94: T2CONbits.TOUTPS = scaler-1;
  2912  0017AE  C032  F031         	movff	timer2_init@scaler,??_timer2_init
  2913  0017B2  0EFF               	movlw	255
  2914  0017B4  2631               	addwf	??_timer2_init,f,c
  2915  0017B6  4631               	rlncf	??_timer2_init,f,c
  2916  0017B8  4631               	rlncf	??_timer2_init,f,c
  2917  0017BA  4631               	rlncf	??_timer2_init,f,c
  2918  0017BC  50CA               	movf	4042,w,c	;volatile
  2919  0017BE  1831               	xorwf	??_timer2_init,w,c
  2920  0017C0  0B87               	andlw	-121
  2921  0017C2  1831               	xorwf	??_timer2_init,w,c
  2922  0017C4  6ECA               	movwf	4042,c	;volatile
  2923                           
  2924                           ;timer.c: 95: T2CONbits.TMR2ON = 1;
  2925  0017C6  84CA               	bsf	4042,2,c	;volatile
  2926                           
  2927                           ;timer.c: 97: RCONbits.IPEN = 1;
  2928  0017C8  8ED0               	bsf	4048,7,c	;volatile
  2929  0017CA  0012               	return		;funcret
  2930  0017CC  FFFF               	dw	65535	; errata NOP
  2931  0017CE                     __end_of_timer2_init:
  2932                           	opt stack 0
  2933                           tblptru	equ	0xFF8
  2934                           tblptrh	equ	0xFF7
  2935                           tblptrl	equ	0xFF6
  2936                           tablat	equ	0xFF5
  2937                           intcon	equ	0xFF2
  2938                           postinc0	equ	0xFEE
  2939                           wreg	equ	0xFE8
  2940                           postdec1	equ	0xFE5
  2941                           fsr1l	equ	0xFE1
  2942                           postinc2	equ	0xFDE
  2943                           postdec2	equ	0xFDD
  2944                           fsr2h	equ	0xFDA
  2945                           fsr2l	equ	0xFD9
  2946                           status	equ	0xFD8
  2947                           
  2948 ;; *************** function _lcd_2x16_init *****************
  2949 ;; Defined at:
  2950 ;;		line 29 in file "../../../../Libraries/lib_lcd/lcd_2x16.c"
  2951 ;; Parameters:    Size  Location     Type
  2952 ;;		None
  2953 ;; Auto vars:     Size  Location     Type
  2954 ;;		None
  2955 ;; Return value:  Size  Location     Type
  2956 ;;                  1    wreg      void 
  2957 ;; Registers used:
  2958 ;;		wreg, status,2, status,0, cstack
  2959 ;; Tracked objects:
  2960 ;;		On entry : 0/0
  2961 ;;		On exit  : 0/0
  2962 ;;		Unchanged: 0/0
  2963 ;; Data sizes:     COMRAM   BANK0   BANK1   BANK2   BANK3   BANK4   BANK5
  2964 ;;      Params:         0       0       0       0       0       0       0
  2965 ;;      Locals:         0       0       0       0       0       0       0
  2966 ;;      Temps:          0       0       0       0       0       0       0
  2967 ;;      Totals:         0       0       0       0       0       0       0
  2968 ;;Total ram usage:        0 bytes
  2969 ;; Hardware stack levels used:    1
  2970 ;; Hardware stack levels required when called:    7
  2971 ;; This function calls:
  2972 ;;		_delay_ms
  2973 ;;		_lcd_2x16_write
  2974 ;; This function is called by:
  2975 ;;		_main
  2976 ;; This function uses a non-reentrant model
  2977 ;;
  2978                           
  2979                           	psect	text13
  2980  000F8A                     __ptext13:
  2981                           	opt stack 0
  2982  000F8A                     _lcd_2x16_init:
  2983                           	opt stack 0
  2984  000F8A  FFFF               	dw	65535	; assembler added errata NOP
  2985                           
  2986                           ;lcd_2x16.c: 57: TRISB5 = 0;
  2987                           
  2988                           ;incstack = 0
  2989  000F8C  9A93               	bcf	3987,5,c	;volatile
  2990                           
  2991                           ;lcd_2x16.c: 58: TRISB4 = 0;
  2992  000F8E  9893               	bcf	3987,4,c	;volatile
  2993                           
  2994                           ;lcd_2x16.c: 59: TRISB0 = 0;
  2995  000F90  9093               	bcf	3987,0,c	;volatile
  2996                           
  2997                           ;lcd_2x16.c: 60: TRISB1 = 0;
  2998  000F92  9293               	bcf	3987,1,c	;volatile
  2999                           
  3000                           ;lcd_2x16.c: 61: TRISC2 = 0;
  3001  000F94  9494               	bcf	3988,2,c	;volatile
  3002                           
  3003                           ;lcd_2x16.c: 62: TRISC3 = 0;
  3004  000F96  9694               	bcf	3988,3,c	;volatile
  3005                           
  3006                           ;lcd_2x16.c: 63: TRISC4 = 0;
  3007  000F98  9894               	bcf	3988,4,c	;volatile
  3008                           
  3009                           ;lcd_2x16.c: 64: TRISC5 = 0;
  3010  000F9A  9A94               	bcf	3988,5,c	;volatile
  3011                           
  3012                           ;lcd_2x16.c: 65: TRISB2 = 0;
  3013  000F9C  9493               	bcf	3987,2,c	;volatile
  3014                           
  3015                           ;lcd_2x16.c: 66: TRISB3 = 0;
  3016  000F9E  9693               	bcf	3987,3,c	;volatile
  3017                           
  3018                           ;lcd_2x16.c: 67: delay_ms (60);
  3019  000FA0  0E00               	movlw	0
  3020  000FA2  6E30               	movwf	delay_ms@loop+1,c
  3021  000FA4  0E3C               	movlw	60
  3022  000FA6  6E2F               	movwf	delay_ms@loop,c
  3023  000FA8  EC73  F00B         	call	_delay_ms	;wreg free
  3024                           
  3025                           ;lcd_2x16.c: 68: lcd_2x16_write (0x30, 0);
  3026  000FAC  0E00               	movlw	0
  3027  000FAE  6E36               	movwf	lcd_2x16_write@data+1,c
  3028  000FB0  0E30               	movlw	48
  3029  000FB2  6E35               	movwf	lcd_2x16_write@data,c
  3030  000FB4  0E00               	movlw	0
  3031  000FB6  6E37               	movwf	lcd_2x16_write@rs,c
  3032  000FB8  EC0A  F004         	call	_lcd_2x16_write	;wreg free
  3033                           
  3034                           ;lcd_2x16.c: 69: delay_ms (20);
  3035  000FBC  0E00               	movlw	0
  3036  000FBE  6E30               	movwf	delay_ms@loop+1,c
  3037  000FC0  0E14               	movlw	20
  3038  000FC2  6E2F               	movwf	delay_ms@loop,c
  3039  000FC4  EC73  F00B         	call	_delay_ms	;wreg free
  3040                           
  3041                           ;lcd_2x16.c: 70: lcd_2x16_write (0x30, 0);
  3042  000FC8  0E00               	movlw	0
  3043  000FCA  6E36               	movwf	lcd_2x16_write@data+1,c
  3044  000FCC  0E30               	movlw	48
  3045  000FCE  6E35               	movwf	lcd_2x16_write@data,c
  3046  000FD0  0E00               	movlw	0
  3047  000FD2  6E37               	movwf	lcd_2x16_write@rs,c
  3048  000FD4  EC0A  F004         	call	_lcd_2x16_write	;wreg free
  3049                           
  3050                           ;lcd_2x16.c: 71: delay_ms(1);
  3051  000FD8  0E00               	movlw	0
  3052  000FDA  6E30               	movwf	delay_ms@loop+1,c
  3053  000FDC  0E01               	movlw	1
  3054  000FDE  6E2F               	movwf	delay_ms@loop,c
  3055  000FE0  EC73  F00B         	call	_delay_ms	;wreg free
  3056                           
  3057                           ;lcd_2x16.c: 72: lcd_2x16_write (0x30, 0);
  3058  000FE4  0E00               	movlw	0
  3059  000FE6  6E36               	movwf	lcd_2x16_write@data+1,c
  3060  000FE8  0E30               	movlw	48
  3061  000FEA  6E35               	movwf	lcd_2x16_write@data,c
  3062  000FEC  0E00               	movlw	0
  3063  000FEE  6E37               	movwf	lcd_2x16_write@rs,c
  3064  000FF0  EC0A  F004         	call	_lcd_2x16_write	;wreg free
  3065                           
  3066                           ;lcd_2x16.c: 73: lcd_2x16_write (0x38, 0);
  3067  000FF4  0E00               	movlw	0
  3068  000FF6  6E36               	movwf	lcd_2x16_write@data+1,c
  3069  000FF8  0E38               	movlw	56
  3070  000FFA  6E35               	movwf	lcd_2x16_write@data,c
  3071  000FFC  0E00               	movlw	0
  3072  000FFE  6E37               	movwf	lcd_2x16_write@rs,c
  3073  001000  EC0A  F004         	call	_lcd_2x16_write	;wreg free
  3074                           
  3075                           ;lcd_2x16.c: 74: lcd_2x16_write (0x14, 0);
  3076  001004  0E00               	movlw	0
  3077  001006  6E36               	movwf	lcd_2x16_write@data+1,c
  3078  001008  0E14               	movlw	20
  3079  00100A  6E35               	movwf	lcd_2x16_write@data,c
  3080  00100C  0E00               	movlw	0
  3081  00100E  6E37               	movwf	lcd_2x16_write@rs,c
  3082  001010  EC0A  F004         	call	_lcd_2x16_write	;wreg free
  3083                           
  3084                           ;lcd_2x16.c: 75: lcd_2x16_write (0x0C, 0);
  3085  001014  0E00               	movlw	0
  3086  001016  6E36               	movwf	lcd_2x16_write@data+1,c
  3087  001018  0E0C               	movlw	12
  3088  00101A  6E35               	movwf	lcd_2x16_write@data,c
  3089  00101C  0E00               	movlw	0
  3090  00101E  6E37               	movwf	lcd_2x16_write@rs,c
  3091  001020  EC0A  F004         	call	_lcd_2x16_write	;wreg free
  3092                           
  3093                           ;lcd_2x16.c: 76: lcd_2x16_write (0x06, 0);
  3094  001024  0E00               	movlw	0
  3095  001026  6E36               	movwf	lcd_2x16_write@data+1,c
  3096  001028  0E06               	movlw	6
  3097  00102A  6E35               	movwf	lcd_2x16_write@data,c
  3098  00102C  0E00               	movlw	0
  3099  00102E  6E37               	movwf	lcd_2x16_write@rs,c
  3100  001030  EC0A  F004         	call	_lcd_2x16_write	;wreg free
  3101                           
  3102                           ;lcd_2x16.c: 77: delay_ms (1);
  3103  001034  0E00               	movlw	0
  3104  001036  6E30               	movwf	delay_ms@loop+1,c
  3105  001038  0E01               	movlw	1
  3106  00103A  6E2F               	movwf	delay_ms@loop,c
  3107  00103C  EC73  F00B         	call	_delay_ms	;wreg free
  3108                           
  3109                           ;lcd_2x16.c: 78: lcd_2x16_write (0x01, 0);
  3110  001040  0E00               	movlw	0
  3111  001042  6E36               	movwf	lcd_2x16_write@data+1,c
  3112  001044  0E01               	movlw	1
  3113  001046  6E35               	movwf	lcd_2x16_write@data,c
  3114  001048  0E00               	movlw	0
  3115  00104A  6E37               	movwf	lcd_2x16_write@rs,c
  3116  00104C  EC0A  F004         	call	_lcd_2x16_write	;wreg free
  3117                           
  3118                           ;lcd_2x16.c: 79: lcd_2x16_write (0x80, 0);
  3119  001050  0E00               	movlw	0
  3120  001052  6E36               	movwf	lcd_2x16_write@data+1,c
  3121  001054  0E80               	movlw	128
  3122  001056  6E35               	movwf	lcd_2x16_write@data,c
  3123  001058  0E00               	movlw	0
  3124  00105A  6E37               	movwf	lcd_2x16_write@rs,c
  3125  00105C  EC0A  F004         	call	_lcd_2x16_write	;wreg free
  3126                           
  3127                           ;lcd_2x16.c: 80: delay_ms (1);
  3128  001060  0E00               	movlw	0
  3129  001062  6E30               	movwf	delay_ms@loop+1,c
  3130  001064  0E01               	movlw	1
  3131  001066  6E2F               	movwf	delay_ms@loop,c
  3132  001068  EC73  F00B         	call	_delay_ms	;wreg free
  3133  00106C  0012               	return		;funcret
  3134  00106E  FFFF               	dw	65535	; errata NOP
  3135  001070                     __end_of_lcd_2x16_init:
  3136                           	opt stack 0
  3137                           tblptru	equ	0xFF8
  3138                           tblptrh	equ	0xFF7
  3139                           tblptrl	equ	0xFF6
  3140                           tablat	equ	0xFF5
  3141                           intcon	equ	0xFF2
  3142                           postinc0	equ	0xFEE
  3143                           wreg	equ	0xFE8
  3144                           postdec1	equ	0xFE5
  3145                           fsr1l	equ	0xFE1
  3146                           postinc2	equ	0xFDE
  3147                           postdec2	equ	0xFDD
  3148                           fsr2h	equ	0xFDA
  3149                           fsr2l	equ	0xFD9
  3150                           status	equ	0xFD8
  3151                           
  3152 ;; *************** function _lcd_2x16_write *****************
  3153 ;; Defined at:
  3154 ;;		line 89 in file "../../../../Libraries/lib_lcd/lcd_2x16.c"
  3155 ;; Parameters:    Size  Location     Type
  3156 ;;  data            2   52[COMRAM] unsigned short 
  3157 ;;  rs              1   54[COMRAM] unsigned char 
  3158 ;; Auto vars:     Size  Location     Type
  3159 ;;		None
  3160 ;; Return value:  Size  Location     Type
  3161 ;;                  1    wreg      void 
  3162 ;; Registers used:
  3163 ;;		wreg, status,2, status,0, cstack
  3164 ;; Tracked objects:
  3165 ;;		On entry : 0/0
  3166 ;;		On exit  : 0/0
  3167 ;;		Unchanged: 0/0
  3168 ;; Data sizes:     COMRAM   BANK0   BANK1   BANK2   BANK3   BANK4   BANK5
  3169 ;;      Params:         3       0       0       0       0       0       0
  3170 ;;      Locals:         0       0       0       0       0       0       0
  3171 ;;      Temps:          0       3       0       0       0       0       0
  3172 ;;      Totals:         3       3       0       0       0       0       0
  3173 ;;Total ram usage:        6 bytes
  3174 ;; Hardware stack levels used:    1
  3175 ;; Hardware stack levels required when called:    6
  3176 ;; This function calls:
  3177 ;;		_delay_us
  3178 ;; This function is called by:
  3179 ;;		_lcd_2x16_init
  3180 ;;		_lcd_2x16_clear
  3181 ;;		_lcd_2x16_write_2hex
  3182 ;;		_lcd_2x16_write_binary
  3183 ;;		_lcd_2x16_write_s8
  3184 ;;		_lcd_2x16_write_s16
  3185 ;;		_lcd_2x16_write_s32
  3186 ;;		_lcd_2x16_write_float
  3187 ;;		_lcd_2x16_write_double
  3188 ;;		_lcd_2x16_write_u8
  3189 ;;		_lcd_2x16_write_u16
  3190 ;;		_lcd_2x16_write_u32
  3191 ;;		_lcd_write_temperature
  3192 ;; This function uses a non-reentrant model
  3193 ;;
  3194                           
  3195                           	psect	text14
  3196  000814                     __ptext14:
  3197                           	opt stack 0
  3198  000814                     _lcd_2x16_write:
  3199                           	opt stack 0
  3200  000814  FFFF               	dw	65535	; assembler added errata NOP
  3201                           
  3202                           ;lcd_2x16.c: 110: LATB5 = rs;
  3203                           
  3204                           ;incstack = 0
  3205  000816  A037               	btfss	lcd_2x16_write@rs,0,c
  3206  000818  D002               	goto	u5040
  3207  00081A  8A8A               	bsf	3978,5,c	;volatile
  3208  00081C  D002               	goto	u5055
  3209  00081E                     u5040:
  3210  00081E  FFFF               	dw	65535	; assembler added errata NOP
  3211  000820  9A8A               	bcf	3978,5,c	;volatile
  3212  000822                     u5055:
  3213  000822  FFFF               	dw	65535	; assembler added errata NOP
  3214                           
  3215                           ;lcd_2x16.c: 111: LATB3 = (data >> 7) & 0x01;
  3216  000824  C035  F080         	movff	lcd_2x16_write@data,??_lcd_2x16_write
  3217  000828  C036  F081         	movff	lcd_2x16_write@data+1,??_lcd_2x16_write+1
  3218  00082C  0E07               	movlw	7
  3219  00082E  0100               	movlb	0	; () banked
  3220  000830  6F82               	movwf	(??_lcd_2x16_write+2)& (0+255),b
  3221  000832                     u5065:
  3222  000832  FFFF               	dw	65535	; assembler added errata NOP
  3223  000834  90D8               	bcf	status,0,c
  3224  000836  3381               	rrcf	(??_lcd_2x16_write+1)& (0+255),f,b
  3225  000838  3380               	rrcf	??_lcd_2x16_write& (0+255),f,b
  3226  00083A  2F82               	decfsz	(??_lcd_2x16_write+2)& (0+255),f,b
  3227  00083C  D7FA               	goto	u5065
  3228  00083E  3180               	rrcf	??_lcd_2x16_write& (0+255),w,b
  3229  000840  A0D8               	btfss	status,0,c
  3230  000842  D002               	goto	u5070
  3231  000844  868A               	bsf	3978,3,c	;volatile
  3232  000846  D002               	goto	u5085
  3233  000848                     u5070:
  3234  000848  FFFF               	dw	65535	; assembler added errata NOP
  3235  00084A  968A               	bcf	3978,3,c	;volatile
  3236  00084C                     u5085:
  3237  00084C  FFFF               	dw	65535	; assembler added errata NOP
  3238                           
  3239                           ;lcd_2x16.c: 112: LATB2 = (data >> 6) & 0x01;
  3240  00084E  C035  F080         	movff	lcd_2x16_write@data,??_lcd_2x16_write
  3241  000852  C036  F081         	movff	lcd_2x16_write@data+1,??_lcd_2x16_write+1
  3242  000856  0E06               	movlw	6
  3243  000858  0100               	movlb	0	; () banked
  3244  00085A  6F82               	movwf	(??_lcd_2x16_write+2)& (0+255),b
  3245  00085C                     u5095:
  3246  00085C  FFFF               	dw	65535	; assembler added errata NOP
  3247  00085E  90D8               	bcf	status,0,c
  3248  000860  3381               	rrcf	(??_lcd_2x16_write+1)& (0+255),f,b
  3249  000862  3380               	rrcf	??_lcd_2x16_write& (0+255),f,b
  3250  000864  2F82               	decfsz	(??_lcd_2x16_write+2)& (0+255),f,b
  3251  000866  D7FA               	goto	u5095
  3252  000868  3180               	rrcf	??_lcd_2x16_write& (0+255),w,b
  3253  00086A  A0D8               	btfss	status,0,c
  3254  00086C  D002               	goto	u5100
  3255  00086E  848A               	bsf	3978,2,c	;volatile
  3256  000870  D002               	goto	u5115
  3257  000872                     u5100:
  3258  000872  FFFF               	dw	65535	; assembler added errata NOP
  3259  000874  948A               	bcf	3978,2,c	;volatile
  3260  000876                     u5115:
  3261  000876  FFFF               	dw	65535	; assembler added errata NOP
  3262                           
  3263                           ;lcd_2x16.c: 113: LATC5 = (data >> 5) & 0x01;
  3264  000878  C035  F080         	movff	lcd_2x16_write@data,??_lcd_2x16_write
  3265  00087C  C036  F081         	movff	lcd_2x16_write@data+1,??_lcd_2x16_write+1
  3266  000880  0E05               	movlw	5
  3267  000882  0100               	movlb	0	; () banked
  3268  000884  6F82               	movwf	(??_lcd_2x16_write+2)& (0+255),b
  3269  000886                     u5125:
  3270  000886  FFFF               	dw	65535	; assembler added errata NOP
  3271  000888  90D8               	bcf	status,0,c
  3272  00088A  3381               	rrcf	(??_lcd_2x16_write+1)& (0+255),f,b
  3273  00088C  3380               	rrcf	??_lcd_2x16_write& (0+255),f,b
  3274  00088E  2F82               	decfsz	(??_lcd_2x16_write+2)& (0+255),f,b
  3275  000890  D7FA               	goto	u5125
  3276  000892  3180               	rrcf	??_lcd_2x16_write& (0+255),w,b
  3277  000894  A0D8               	btfss	status,0,c
  3278  000896  D002               	goto	u5130
  3279  000898  8A8B               	bsf	3979,5,c	;volatile
  3280  00089A  D002               	goto	u5145
  3281  00089C                     u5130:
  3282  00089C  FFFF               	dw	65535	; assembler added errata NOP
  3283  00089E  9A8B               	bcf	3979,5,c	;volatile
  3284  0008A0                     u5145:
  3285  0008A0  FFFF               	dw	65535	; assembler added errata NOP
  3286                           
  3287                           ;lcd_2x16.c: 114: LATC4 = (data >> 4) & 0x01;
  3288  0008A2  C035  F080         	movff	lcd_2x16_write@data,??_lcd_2x16_write
  3289  0008A6  C036  F081         	movff	lcd_2x16_write@data+1,??_lcd_2x16_write+1
  3290  0008AA  0E04               	movlw	4
  3291  0008AC  0100               	movlb	0	; () banked
  3292  0008AE  6F82               	movwf	(??_lcd_2x16_write+2)& (0+255),b
  3293  0008B0                     u5155:
  3294  0008B0  FFFF               	dw	65535	; assembler added errata NOP
  3295  0008B2  90D8               	bcf	status,0,c
  3296  0008B4  3381               	rrcf	(??_lcd_2x16_write+1)& (0+255),f,b
  3297  0008B6  3380               	rrcf	??_lcd_2x16_write& (0+255),f,b
  3298  0008B8  2F82               	decfsz	(??_lcd_2x16_write+2)& (0+255),f,b
  3299  0008BA  D7FA               	goto	u5155
  3300  0008BC  3180               	rrcf	??_lcd_2x16_write& (0+255),w,b
  3301  0008BE  A0D8               	btfss	status,0,c
  3302  0008C0  D002               	goto	u5160
  3303  0008C2  888B               	bsf	3979,4,c	;volatile
  3304  0008C4  D002               	goto	u5175
  3305  0008C6                     u5160:
  3306  0008C6  FFFF               	dw	65535	; assembler added errata NOP
  3307  0008C8  988B               	bcf	3979,4,c	;volatile
  3308  0008CA                     u5175:
  3309  0008CA  FFFF               	dw	65535	; assembler added errata NOP
  3310                           
  3311                           ;lcd_2x16.c: 115: LATC3 = (data >> 3) & 0x01;
  3312  0008CC  C035  F080         	movff	lcd_2x16_write@data,??_lcd_2x16_write
  3313  0008D0  C036  F081         	movff	lcd_2x16_write@data+1,??_lcd_2x16_write+1
  3314  0008D4  0100               	movlb	0	; () banked
  3315  0008D6  90D8               	bcf	status,0,c
  3316  0008D8  3381               	rrcf	(??_lcd_2x16_write+1)& (0+255),f,b
  3317  0008DA  3380               	rrcf	??_lcd_2x16_write& (0+255),f,b
  3318  0008DC  90D8               	bcf	status,0,c
  3319  0008DE  3381               	rrcf	(??_lcd_2x16_write+1)& (0+255),f,b
  3320  0008E0  3380               	rrcf	??_lcd_2x16_write& (0+255),f,b
  3321  0008E2  90D8               	bcf	status,0,c
  3322  0008E4  3381               	rrcf	(??_lcd_2x16_write+1)& (0+255),f,b
  3323  0008E6  3380               	rrcf	??_lcd_2x16_write& (0+255),f,b
  3324  0008E8  3180               	rrcf	??_lcd_2x16_write& (0+255),w,b
  3325  0008EA  A0D8               	btfss	status,0,c
  3326  0008EC  D002               	goto	u5180
  3327  0008EE  868B               	bsf	3979,3,c	;volatile
  3328  0008F0  D002               	goto	u5195
  3329  0008F2                     u5180:
  3330  0008F2  FFFF               	dw	65535	; assembler added errata NOP
  3331  0008F4  968B               	bcf	3979,3,c	;volatile
  3332  0008F6                     u5195:
  3333  0008F6  FFFF               	dw	65535	; assembler added errata NOP
  3334                           
  3335                           ;lcd_2x16.c: 116: LATC2 = (data >> 2) & 0x01;
  3336  0008F8  C035  F080         	movff	lcd_2x16_write@data,??_lcd_2x16_write
  3337  0008FC  C036  F081         	movff	lcd_2x16_write@data+1,??_lcd_2x16_write+1
  3338  000900  0100               	movlb	0	; () banked
  3339  000902  90D8               	bcf	status,0,c
  3340  000904  3381               	rrcf	(??_lcd_2x16_write+1)& (0+255),f,b
  3341  000906  3380               	rrcf	??_lcd_2x16_write& (0+255),f,b
  3342  000908  90D8               	bcf	status,0,c
  3343  00090A  3381               	rrcf	(??_lcd_2x16_write+1)& (0+255),f,b
  3344  00090C  3380               	rrcf	??_lcd_2x16_write& (0+255),f,b
  3345  00090E  3180               	rrcf	??_lcd_2x16_write& (0+255),w,b
  3346  000910  A0D8               	btfss	status,0,c
  3347  000912  D002               	goto	u5200
  3348  000914  848B               	bsf	3979,2,c	;volatile
  3349  000916  D002               	goto	u5215
  3350  000918                     u5200:
  3351  000918  FFFF               	dw	65535	; assembler added errata NOP
  3352  00091A  948B               	bcf	3979,2,c	;volatile
  3353  00091C                     u5215:
  3354  00091C  FFFF               	dw	65535	; assembler added errata NOP
  3355                           
  3356                           ;lcd_2x16.c: 117: LATB1 = (data >> 1) & 0x01;
  3357  00091E  90D8               	bcf	status,0,c
  3358  000920  3036               	rrcf	lcd_2x16_write@data+1,w,c
  3359  000922  0100               	movlb	0	; () banked
  3360  000924  6F81               	movwf	(??_lcd_2x16_write+1)& (0+255),b
  3361  000926  3035               	rrcf	lcd_2x16_write@data,w,c
  3362  000928  6F80               	movwf	??_lcd_2x16_write& (0+255),b
  3363  00092A  3180               	rrcf	??_lcd_2x16_write& (0+255),w,b
  3364  00092C  A0D8               	btfss	status,0,c
  3365  00092E  D002               	goto	u5220
  3366  000930  828A               	bsf	3978,1,c	;volatile
  3367  000932  D002               	goto	u5235
  3368  000934                     u5220:
  3369  000934  FFFF               	dw	65535	; assembler added errata NOP
  3370  000936  928A               	bcf	3978,1,c	;volatile
  3371  000938                     u5235:
  3372  000938  FFFF               	dw	65535	; assembler added errata NOP
  3373                           
  3374                           ;lcd_2x16.c: 118: LATB0 = (data >> 0) & 0x01;
  3375  00093A  A035               	btfss	lcd_2x16_write@data,0,c
  3376  00093C  D002               	goto	u5240
  3377  00093E  808A               	bsf	3978,0,c	;volatile
  3378  000940  D002               	goto	u5255
  3379  000942                     u5240:
  3380  000942  FFFF               	dw	65535	; assembler added errata NOP
  3381  000944  908A               	bcf	3978,0,c	;volatile
  3382  000946                     u5255:
  3383  000946  FFFF               	dw	65535	; assembler added errata NOP
  3384                           
  3385                           ;lcd_2x16.c: 119: LATB4 = 1;
  3386  000948  888A               	bsf	3978,4,c	;volatile
  3387                           
  3388                           ;lcd_2x16.c: 120: delay_us (1);
  3389  00094A  0E00               	movlw	0
  3390  00094C  6E30               	movwf	delay_us@loop+1,c
  3391  00094E  0E01               	movlw	1
  3392  000950  6E2F               	movwf	delay_us@loop,c
  3393  000952  EC54  F00B         	call	_delay_us	;wreg free
  3394                           
  3395                           ;lcd_2x16.c: 121: LATB4 = 0;
  3396  000956  988A               	bcf	3978,4,c	;volatile
  3397                           
  3398                           ;lcd_2x16.c: 122: delay_us (50);
  3399  000958  0E00               	movlw	0
  3400  00095A  6E30               	movwf	delay_us@loop+1,c
  3401  00095C  0E32               	movlw	50
  3402  00095E  6E2F               	movwf	delay_us@loop,c
  3403  000960  EC54  F00B         	call	_delay_us	;wreg free
  3404  000964  0012               	return		;funcret
  3405  000966  FFFF               	dw	65535	; errata NOP
  3406  000968                     __end_of_lcd_2x16_write:
  3407                           	opt stack 0
  3408                           tblptru	equ	0xFF8
  3409                           tblptrh	equ	0xFF7
  3410                           tblptrl	equ	0xFF6
  3411                           tablat	equ	0xFF5
  3412                           intcon	equ	0xFF2
  3413                           postinc0	equ	0xFEE
  3414                           wreg	equ	0xFE8
  3415                           postdec1	equ	0xFE5
  3416                           fsr1l	equ	0xFE1
  3417                           postinc2	equ	0xFDE
  3418                           postdec2	equ	0xFDD
  3419                           fsr2h	equ	0xFDA
  3420                           fsr2l	equ	0xFD9
  3421                           status	equ	0xFD8
  3422                           
  3423 ;; *************** function _delay_us *****************
  3424 ;; Defined at:
  3425 ;;		line 27 in file "../../../../Libraries/lib_misc/delays.c"
  3426 ;; Parameters:    Size  Location     Type
  3427 ;;  loop            2   46[COMRAM] unsigned short 
  3428 ;; Auto vars:     Size  Location     Type
  3429 ;;  k               2   50[COMRAM] unsigned short 
  3430 ;;  i               2   48[COMRAM] unsigned short 
  3431 ;; Return value:  Size  Location     Type
  3432 ;;                  1    wreg      void 
  3433 ;; Registers used:
  3434 ;;		wreg, status,2, status,0
  3435 ;; Tracked objects:
  3436 ;;		On entry : 0/0
  3437 ;;		On exit  : 0/0
  3438 ;;		Unchanged: 0/0
  3439 ;; Data sizes:     COMRAM   BANK0   BANK1   BANK2   BANK3   BANK4   BANK5
  3440 ;;      Params:         2       0       0       0       0       0       0
  3441 ;;      Locals:         4       0       0       0       0       0       0
  3442 ;;      Temps:          0       0       0       0       0       0       0
  3443 ;;      Totals:         6       0       0       0       0       0       0
  3444 ;;Total ram usage:        6 bytes
  3445 ;; Hardware stack levels used:    1
  3446 ;; Hardware stack levels required when called:    5
  3447 ;; This function calls:
  3448 ;;		Nothing
  3449 ;; This function is called by:
  3450 ;;		_lcd_2x16_write
  3451 ;; This function uses a non-reentrant model
  3452 ;;
  3453                           
  3454                           	psect	text15
  3455  0016A8                     __ptext15:
  3456                           	opt stack 0
  3457  0016A8                     _delay_us:
  3458                           	opt stack 0
  3459  0016A8  FFFF               	dw	65535	; assembler added errata NOP
  3460                           
  3461                           ;delays.c: 29: u16 i, k;
  3462                           ;delays.c: 30: for (i=loop; i!=0; i--)
  3463                           
  3464                           ;incstack = 0
  3465  0016AA  C02F  F031         	movff	delay_us@loop,delay_us@i
  3466  0016AE  C030  F032         	movff	delay_us@loop+1,delay_us@i+1
  3467  0016B2                     l2914:
  3468  0016B2  FFFF               	dw	65535	; assembler added errata NOP
  3469  0016B4  5031               	movf	delay_us@i,w,c
  3470  0016B6  1032               	iorwf	delay_us@i+1,w,c
  3471  0016B8  B4D8               	btfsc	status,2,c
  3472  0016BA  D012               	goto	u2580
  3473                           
  3474                           ;delays.c: 31: for (k=(10000000ul)/200000000ul; k!=0; k--);
  3475  0016BC  0E00               	movlw	0
  3476  0016BE  6E34               	movwf	delay_us@k+1,c
  3477  0016C0  0E00               	movlw	0
  3478  0016C2  6E33               	movwf	delay_us@k,c
  3479  0016C4                     l2920:
  3480  0016C4  FFFF               	dw	65535	; assembler added errata NOP
  3481  0016C6  5033               	movf	delay_us@k,w,c
  3482  0016C8  1034               	iorwf	delay_us@k+1,w,c
  3483  0016CA  B4D8               	btfsc	status,2,c
  3484  0016CC  D004               	goto	u2570
  3485  0016CE  0633               	decf	delay_us@k,f,c
  3486  0016D0  A0D8               	btfss	status,0,c
  3487  0016D2  0634               	decf	delay_us@k+1,f,c
  3488  0016D4  D7F7               	goto	l2920
  3489  0016D6                     u2570:
  3490  0016D6  FFFF               	dw	65535	; assembler added errata NOP
  3491  0016D8  0631               	decf	delay_us@i,f,c
  3492  0016DA  A0D8               	btfss	status,0,c
  3493  0016DC  0632               	decf	delay_us@i+1,f,c
  3494  0016DE  D7E9               	goto	l2914
  3495  0016E0                     u2580:
  3496  0016E0  FFFF               	dw	65535	; assembler added errata NOP
  3497  0016E2  0012               	return		;funcret
  3498  0016E4  FFFF               	dw	65535	; errata NOP
  3499  0016E6                     __end_of_delay_us:
  3500                           	opt stack 0
  3501                           tblptru	equ	0xFF8
  3502                           tblptrh	equ	0xFF7
  3503                           tblptrl	equ	0xFF6
  3504                           tablat	equ	0xFF5
  3505                           intcon	equ	0xFF2
  3506                           postinc0	equ	0xFEE
  3507                           wreg	equ	0xFE8
  3508                           postdec1	equ	0xFE5
  3509                           fsr1l	equ	0xFE1
  3510                           postinc2	equ	0xFDE
  3511                           postdec2	equ	0xFDD
  3512                           fsr2h	equ	0xFDA
  3513                           fsr2l	equ	0xFD9
  3514                           status	equ	0xFD8
  3515                           
  3516 ;; *************** function _delay_ms *****************
  3517 ;; Defined at:
  3518 ;;		line 39 in file "../../../../Libraries/lib_misc/delays.c"
  3519 ;; Parameters:    Size  Location     Type
  3520 ;;  loop            2   46[COMRAM] unsigned short 
  3521 ;; Auto vars:     Size  Location     Type
  3522 ;;  k               2   50[COMRAM] unsigned short 
  3523 ;;  i               2   48[COMRAM] unsigned short 
  3524 ;; Return value:  Size  Location     Type
  3525 ;;                  1    wreg      void 
  3526 ;; Registers used:
  3527 ;;		wreg, status,2, status,0
  3528 ;; Tracked objects:
  3529 ;;		On entry : 0/0
  3530 ;;		On exit  : 0/0
  3531 ;;		Unchanged: 0/0
  3532 ;; Data sizes:     COMRAM   BANK0   BANK1   BANK2   BANK3   BANK4   BANK5
  3533 ;;      Params:         2       0       0       0       0       0       0
  3534 ;;      Locals:         4       0       0       0       0       0       0
  3535 ;;      Temps:          0       0       0       0       0       0       0
  3536 ;;      Totals:         6       0       0       0       0       0       0
  3537 ;;Total ram usage:        6 bytes
  3538 ;; Hardware stack levels used:    1
  3539 ;; Hardware stack levels required when called:    5
  3540 ;; This function calls:
  3541 ;;		Nothing
  3542 ;; This function is called by:
  3543 ;;		_lcd_2x16_init
  3544 ;;		_uart_init
  3545 ;; This function uses a non-reentrant model
  3546 ;;
  3547                           
  3548                           	psect	text16
  3549  0016E6                     __ptext16:
  3550                           	opt stack 0
  3551  0016E6                     _delay_ms:
  3552                           	opt stack 0
  3553  0016E6  FFFF               	dw	65535	; assembler added errata NOP
  3554                           
  3555                           ;delays.c: 47: u16 i, k;
  3556                           ;delays.c: 48: for (i=loop; i!=0; i--)
  3557                           
  3558                           ;incstack = 0
  3559  0016E8  C02F  F031         	movff	delay_ms@loop,delay_ms@i
  3560  0016EC  C030  F032         	movff	delay_ms@loop+1,delay_ms@i+1
  3561  0016F0                     l3150:
  3562  0016F0  FFFF               	dw	65535	; assembler added errata NOP
  3563  0016F2  5031               	movf	delay_ms@i,w,c
  3564  0016F4  1032               	iorwf	delay_ms@i+1,w,c
  3565  0016F6  B4D8               	btfsc	status,2,c
  3566  0016F8  D012               	goto	u3240
  3567                           
  3568                           ;delays.c: 49: for (k=(10000000ul)/80300; k!=0; k--);
  3569  0016FA  0E00               	movlw	0
  3570  0016FC  6E34               	movwf	delay_ms@k+1,c
  3571  0016FE  0E7C               	movlw	124
  3572  001700  6E33               	movwf	delay_ms@k,c
  3573  001702                     l3156:
  3574  001702  FFFF               	dw	65535	; assembler added errata NOP
  3575  001704  5033               	movf	delay_ms@k,w,c
  3576  001706  1034               	iorwf	delay_ms@k+1,w,c
  3577  001708  B4D8               	btfsc	status,2,c
  3578  00170A  D004               	goto	u3230
  3579  00170C  0633               	decf	delay_ms@k,f,c
  3580  00170E  A0D8               	btfss	status,0,c
  3581  001710  0634               	decf	delay_ms@k+1,f,c
  3582  001712  D7F7               	goto	l3156
  3583  001714                     u3230:
  3584  001714  FFFF               	dw	65535	; assembler added errata NOP
  3585  001716  0631               	decf	delay_ms@i,f,c
  3586  001718  A0D8               	btfss	status,0,c
  3587  00171A  0632               	decf	delay_ms@i+1,f,c
  3588  00171C  D7E9               	goto	l3150
  3589  00171E                     u3240:
  3590  00171E  FFFF               	dw	65535	; assembler added errata NOP
  3591  001720  0012               	return		;funcret
  3592  001722  FFFF               	dw	65535	; errata NOP
  3593  001724                     __end_of_delay_ms:
  3594                           	opt stack 0
  3595                           tblptru	equ	0xFF8
  3596                           tblptrh	equ	0xFF7
  3597                           tblptrl	equ	0xFF6
  3598                           tablat	equ	0xFF5
  3599                           intcon	equ	0xFF2
  3600                           postinc0	equ	0xFEE
  3601                           wreg	equ	0xFE8
  3602                           postdec1	equ	0xFE5
  3603                           fsr1l	equ	0xFE1
  3604                           postinc2	equ	0xFDE
  3605                           postdec2	equ	0xFDD
  3606                           fsr2h	equ	0xFDA
  3607                           fsr2l	equ	0xFD9
  3608                           status	equ	0xFD8
  3609                           
  3610 ;; *************** function _timer2_irq *****************
  3611 ;; Defined at:
  3612 ;;		line 23 in file "../main.c"
  3613 ;; Parameters:    Size  Location     Type
  3614 ;;		None
  3615 ;; Auto vars:     Size  Location     Type
  3616 ;;		None
  3617 ;; Return value:  Size  Location     Type
  3618 ;;                  1    wreg      void 
  3619 ;; Registers used:
  3620 ;;		wreg, fsr0l, fsr0h, fsr2l, fsr2h, status,2, status,0, tblptrl, tblptrh, tblptru, cstack
  3621 ;; Tracked objects:
  3622 ;;		On entry : 0/0
  3623 ;;		On exit  : 0/0
  3624 ;;		Unchanged: 0/0
  3625 ;; Data sizes:     COMRAM   BANK0   BANK1   BANK2   BANK3   BANK4   BANK5
  3626 ;;      Params:         0       0       0       0       0       0       0
  3627 ;;      Locals:         0       0       0       0       0       0       0
  3628 ;;      Temps:         18       0       0       0       0       0       0
  3629 ;;      Totals:        18       0       0       0       0       0       0
  3630 ;;Total ram usage:       18 bytes
  3631 ;; Hardware stack levels used:    1
  3632 ;; Hardware stack levels required when called:    4
  3633 ;; This function calls:
  3634 ;;		_clock_update
  3635 ;;		_lcd_write_hour
  3636 ;;		_uart_write_u8
  3637 ;; This function is called by:
  3638 ;;		Interrupt level 2
  3639 ;; This function uses a non-reentrant model
  3640 ;;
  3641                           
  3642                           	psect	intcode
  3643  000008                     __pintcode:
  3644                           	opt stack 0
  3645  000008                     _timer2_irq:
  3646                           	opt stack 0
  3647  000008  FFFF               	dw	65535	; assembler added errata NOP
  3648                           
  3649                           ;incstack = 0
  3650  00000A  8251               	bsf	btemp,1,c	;set compiler interrupt flag (level 2)
  3651  00000C  CFFA F01D          	movff	pclath,??_timer2_irq
  3652  000010  CFFB F01E          	movff	pclatu,??_timer2_irq+1
  3653  000014  CFE9 F01F          	movff	fsr0l,??_timer2_irq+2
  3654  000018  CFEA F020          	movff	fsr0h,??_timer2_irq+3
  3655  00001C  CFE1 F021          	movff	fsr1l,??_timer2_irq+4
  3656  000020  CFE2 F022          	movff	fsr1h,??_timer2_irq+5
  3657  000024  CFD9 F023          	movff	fsr2l,??_timer2_irq+6
  3658  000028  CFDA F024          	movff	fsr2h,??_timer2_irq+7
  3659  00002C  CFF3 F025          	movff	prodl,??_timer2_irq+8
  3660  000030  CFF4 F026          	movff	prodh,??_timer2_irq+9
  3661  000034  CFF6 F027          	movff	tblptrl,??_timer2_irq+10
  3662  000038  CFF7 F028          	movff	tblptrh,??_timer2_irq+11
  3663  00003C  CFF8 F029          	movff	tblptru,??_timer2_irq+12
  3664  000040  CFF5 F02A          	movff	tablat,??_timer2_irq+13
  3665  000044  C051  F02B         	movff	btemp,??_timer2_irq+14
  3666  000048  C052  F02C         	movff	btemp+1,??_timer2_irq+15
  3667  00004C  C053  F02D         	movff	btemp+2,??_timer2_irq+16
  3668  000050  C054  F02E         	movff	btemp+3,??_timer2_irq+17
  3669                           
  3670                           ;main.c: 25: static u16 CntTmr1 = 0;
  3671                           ;main.c: 27: T2CONbits.TMR2ON = 0;
  3672  000054  94CA               	bcf	4042,2,c	;volatile
  3673                           
  3674                           ;main.c: 28: PIR1bits.TMR2IF = 0;
  3675  000056  929E               	bcf	3998,1,c	;volatile
  3676                           
  3677                           ;main.c: 29: T2CONbits.TMR2ON = 1;
  3678  000058  84CA               	bsf	4042,2,c	;volatile
  3679                           
  3680                           ;main.c: 31: if (CntTmr1++ == 16){
  3681  00005A  4A48               	infsnz	timer2_irq@CntTmr1,f,c
  3682  00005C  2A49               	incf	timer2_irq@CntTmr1+1,f,c
  3683  00005E  0E11               	movlw	17
  3684  000060  1848               	xorwf	timer2_irq@CntTmr1,w,c
  3685  000062  1049               	iorwf	timer2_irq@CntTmr1+1,w,c
  3686  000064  A4D8               	btfss	status,2,c
  3687  000066  D028               	goto	i2l51
  3688                           
  3689                           ;main.c: 32: t.sec++;
  3690  000068  2A4C               	incf	_t+2,f,c
  3691                           
  3692                           ;main.c: 33: LATA0 = !LATA0;
  3693  00006A  B089               	btfsc	3977,0,c	;volatile
  3694  00006C  D002               	goto	i2u376_40
  3695  00006E  8089               	bsf	3977,0,c	;volatile
  3696  000070  D002               	goto	i2u377_45
  3697  000072                     i2u376_40:
  3698  000072  FFFF               	dw	65535	; assembler added errata NOP
  3699  000074  9089               	bcf	3977,0,c	;volatile
  3700  000076                     i2u377_45:
  3701  000076  FFFF               	dw	65535	; assembler added errata NOP
  3702                           
  3703                           ;main.c: 34: lcd_write_hour(t, LCD_LINE_1, LCD_CHAR_1);
  3704  000078  EE20  F04A         	lfsr	2,_t
  3705  00007C  EE00  F014         	lfsr	0,lcd_write_hour@t
  3706  000080  0E06               	movlw	6
  3707  000082                     i2u378_41:
  3708  000082  CFDB FFEB          	movff	plusw2,plusw0
  3709  000086  06E8               	decf	wreg,f,c
  3710  000088  E2FC               	bc	i2u378_41
  3711  00008A  0E01               	movlw	1
  3712  00008C  6E1B               	movwf	lcd_write_hour@ligne,c
  3713  00008E  0E01               	movlw	1
  3714  000090  6E1C               	movwf	lcd_write_hour@pos,c
  3715  000092  ECF0  F00A         	call	_lcd_write_hour	;wreg free
  3716                           
  3717                           ;main.c: 35: clock_update(&t);
  3718  000096  0E4A               	movlw	low _t
  3719  000098  6E01               	movwf	clock_update@t,c
  3720  00009A  0E00               	movlw	high _t
  3721  00009C  6E02               	movwf	clock_update@t+1,c
  3722  00009E  EC97  F009         	call	_clock_update	;wreg free
  3723                           
  3724                           ;main.c: 36: CntTmr1 = 0;
  3725  0000A2  0E00               	movlw	0
  3726  0000A4  6E49               	movwf	timer2_irq@CntTmr1+1,c
  3727  0000A6  0E00               	movlw	0
  3728  0000A8  6E48               	movwf	timer2_irq@CntTmr1,c
  3729                           
  3730                           ;main.c: 37: uart_write_u8(UART_ID_1, 123, 0);
  3731  0000AA  0E7B               	movlw	123
  3732  0000AC  6E05               	movwf	uart_write_u8@data,c
  3733  0000AE  0E00               	movlw	0
  3734  0000B0  6E06               	movwf	uart_write_u8@opt,c
  3735  0000B2  0E00               	movlw	0
  3736  0000B4  EC5D  F00A         	call	_uart_write_u8
  3737  0000B8                     i2l51:
  3738  0000B8  FFFF               	dw	65535	; assembler added errata NOP
  3739  0000BA  C02E  F054         	movff	??_timer2_irq+17,btemp+3
  3740  0000BE  C02D  F053         	movff	??_timer2_irq+16,btemp+2
  3741  0000C2  C02C  F052         	movff	??_timer2_irq+15,btemp+1
  3742  0000C6  C02B  F051         	movff	??_timer2_irq+14,btemp
  3743  0000CA  C02A  FFF5         	movff	??_timer2_irq+13,tablat
  3744  0000CE  C029  FFF8         	movff	??_timer2_irq+12,tblptru
  3745  0000D2  C028  FFF7         	movff	??_timer2_irq+11,tblptrh
  3746  0000D6  C027  FFF6         	movff	??_timer2_irq+10,tblptrl
  3747  0000DA  C026  FFF4         	movff	??_timer2_irq+9,prodh
  3748  0000DE  C025  FFF3         	movff	??_timer2_irq+8,prodl
  3749  0000E2  C024  FFDA         	movff	??_timer2_irq+7,fsr2h
  3750  0000E6  C023  FFD9         	movff	??_timer2_irq+6,fsr2l
  3751  0000EA  C022  FFE2         	movff	??_timer2_irq+5,fsr1h
  3752  0000EE  C021  FFE1         	movff	??_timer2_irq+4,fsr1l
  3753  0000F2  C020  FFEA         	movff	??_timer2_irq+3,fsr0h
  3754  0000F6  C01F  FFE9         	movff	??_timer2_irq+2,fsr0l
  3755  0000FA  C01E  FFFB         	movff	??_timer2_irq+1,pclatu
  3756  0000FE  C01D  FFFA         	movff	??_timer2_irq,pclath
  3757  000102  9251               	bcf	btemp,1,c	;clear compiler interrupt flag (level 2)
  3758  000104  0011               	retfie		f
  3759  000106  FFFF               	dw	65535	; errata NOP
  3760  000108                     __end_of_timer2_irq:
  3761                           	opt stack 0
  3762                           pclatu	equ	0xFFB
  3763                           pclath	equ	0xFFA
  3764                           tblptru	equ	0xFF8
  3765                           tblptrh	equ	0xFF7
  3766                           tblptrl	equ	0xFF6
  3767                           tablat	equ	0xFF5
  3768                           prodh	equ	0xFF4
  3769                           prodl	equ	0xFF3
  3770                           intcon	equ	0xFF2
  3771                           postinc0	equ	0xFEE
  3772                           plusw0	equ	0xFEB
  3773                           fsr0h	equ	0xFEA
  3774                           fsr0l	equ	0xFE9
  3775                           wreg	equ	0xFE8
  3776                           postdec1	equ	0xFE5
  3777                           fsr1h	equ	0xFE2
  3778                           fsr1l	equ	0xFE1
  3779                           postinc2	equ	0xFDE
  3780                           postdec2	equ	0xFDD
  3781                           plusw2	equ	0xFDB
  3782                           fsr2h	equ	0xFDA
  3783                           fsr2l	equ	0xFD9
  3784                           status	equ	0xFD8
  3785                           
  3786 ;; *************** function _uart_write_u8 *****************
  3787 ;; Defined at:
  3788 ;;		line 361 in file "../../../../Libraries/lib_pic/uart.c"
  3789 ;; Parameters:    Size  Location     Type
  3790 ;;  uart_id         1    wreg     enum E2250
  3791 ;;  data            1    4[COMRAM] unsigned char 
  3792 ;;  opt             1    5[COMRAM] unsigned char 
  3793 ;; Auto vars:     Size  Location     Type
  3794 ;;  uart_id         1   11[COMRAM] enum E2250
  3795 ;;  bcd             5    6[COMRAM] unsigned char [5]
  3796 ;; Return value:  Size  Location     Type
  3797 ;;                  1    wreg      enum E2190
  3798 ;; Registers used:
  3799 ;;		wreg, fsr2l, fsr2h, status,2, status,0, cstack
  3800 ;; Tracked objects:
  3801 ;;		On entry : 0/0
  3802 ;;		On exit  : 0/0
  3803 ;;		Unchanged: 0/0
  3804 ;; Data sizes:     COMRAM   BANK0   BANK1   BANK2   BANK3   BANK4   BANK5
  3805 ;;      Params:         2       0       0       0       0       0       0
  3806 ;;      Locals:         6       0       0       0       0       0       0
  3807 ;;      Temps:          0       0       0       0       0       0       0
  3808 ;;      Totals:         8       0       0       0       0       0       0
  3809 ;;Total ram usage:        8 bytes
  3810 ;; Hardware stack levels used:    1
  3811 ;; Hardware stack levels required when called:    1
  3812 ;; This function calls:
  3813 ;;		_dec_2_bcd
  3814 ;;		_uart_write
  3815 ;; This function is called by:
  3816 ;;		_timer2_irq
  3817 ;; This function uses a non-reentrant model
  3818 ;;
  3819                           
  3820                           	psect	text18
  3821  0014BA                     __ptext18:
  3822                           	opt stack 0
  3823  0014BA                     _uart_write_u8:
  3824                           	opt stack 0
  3825  0014BA  FFFF               	dw	65535	; assembler added errata NOP
  3826                           
  3827                           ;incstack = 0
  3828                           ;uart_write_u8@uart_id stored from wreg
  3829  0014BC  6E0C               	movwf	uart_write_u8@uart_id,c
  3830                           
  3831                           ;uart.c: 363: u8 bcd[5];
  3832                           ;uart.c: 365: dec_2_bcd (data, bcd);
  3833  0014BE  C005  F001         	movff	uart_write_u8@data,dec_2_bcd@dec
  3834  0014C2  6A02               	clrf	dec_2_bcd@dec+1,c
  3835  0014C4  0E07               	movlw	low uart_write_u8@bcd
  3836  0014C6  6E03               	movwf	dec_2_bcd@bcd,c
  3837  0014C8  0E00               	movlw	high uart_write_u8@bcd
  3838  0014CA  6E04               	movwf	dec_2_bcd@bcd+1,c
  3839  0014CC  ECDF  F005         	call	_dec_2_bcd	;wreg free
  3840                           
  3841                           ;uart.c: 367: if (data >= 100) uart_write (uart_id, bcd[2]+0x30);
  3842  0014D0  0E63               	movlw	99
  3843  0014D2  6405               	cpfsgt	uart_write_u8@data,c
  3844  0014D4  D006               	goto	i2l530
  3845  0014D6  5009               	movf	uart_write_u8@bcd+2,w,c
  3846  0014D8  0F30               	addlw	48
  3847  0014DA  6E01               	movwf	uart_write@data,c
  3848  0014DC  500C               	movf	uart_write_u8@uart_id,w,c
  3849  0014DE  ECE7  F00B         	call	_uart_write
  3850  0014E2                     i2l530:
  3851  0014E2  FFFF               	dw	65535	; assembler added errata NOP
  3852                           
  3853                           ;uart.c: 368: if (data >= 10) uart_write (uart_id, bcd[1]+0x30);
  3854  0014E4  0E09               	movlw	9
  3855  0014E6  6405               	cpfsgt	uart_write_u8@data,c
  3856  0014E8  D006               	goto	i2l531
  3857  0014EA  5008               	movf	uart_write_u8@bcd+1,w,c
  3858  0014EC  0F30               	addlw	48
  3859  0014EE  6E01               	movwf	uart_write@data,c
  3860  0014F0  500C               	movf	uart_write_u8@uart_id,w,c
  3861  0014F2  ECE7  F00B         	call	_uart_write
  3862  0014F6                     i2l531:
  3863  0014F6  FFFF               	dw	65535	; assembler added errata NOP
  3864                           
  3865                           ;uart.c: 369: uart_write (uart_id, bcd[0]+0x30);
  3866  0014F8  5007               	movf	uart_write_u8@bcd,w,c
  3867  0014FA  0F30               	addlw	48
  3868  0014FC  6E01               	movwf	uart_write@data,c
  3869  0014FE  500C               	movf	uart_write_u8@uart_id,w,c
  3870  001500  ECE7  F00B         	call	_uart_write
  3871                           
  3872                           ;uart.c: 370: uart_write (uart_id, ' ');
  3873  001504  0E20               	movlw	32
  3874  001506  6E01               	movwf	uart_write@data,c
  3875  001508  500C               	movf	uart_write_u8@uart_id,w,c
  3876  00150A  ECE7  F00B         	call	_uart_write
  3877                           
  3878                           ;uart.c: 372: if ((opt&1<<1) == 1<<1){
  3879  00150E  A206               	btfss	uart_write_u8@opt,1,c
  3880  001510  D006               	goto	i2l532
  3881                           
  3882                           ;uart.c: 373: uart_write(uart_id, '\n');
  3883  001512  0E0A               	movlw	10
  3884  001514  6E01               	movwf	uart_write@data,c
  3885  001516  500C               	movf	uart_write_u8@uart_id,w,c
  3886  001518  ECE7  F00B         	call	_uart_write
  3887                           
  3888                           ;uart.c: 374: }else{
  3889  00151C  D006               	goto	i2l533
  3890  00151E                     i2l532:
  3891  00151E  FFFF               	dw	65535	; assembler added errata NOP
  3892                           
  3893                           ;uart.c: 375: uart_write(uart_id, ' ');
  3894  001520  0E20               	movlw	32
  3895  001522  6E01               	movwf	uart_write@data,c
  3896  001524  500C               	movf	uart_write_u8@uart_id,w,c
  3897  001526  ECE7  F00B         	call	_uart_write
  3898  00152A                     i2l533:
  3899  00152A  FFFF               	dw	65535	; assembler added errata NOP
  3900                           
  3901                           ;uart.c: 376: }
  3902                           ;uart.c: 378: return SUCCESS;
  3903                           ;	Return value of _uart_write_u8 is never used
  3904  00152C  0012               	return		;funcret
  3905  00152E  FFFF               	dw	65535	; errata NOP
  3906  001530                     __end_of_uart_write_u8:
  3907                           	opt stack 0
  3908                           pclatu	equ	0xFFB
  3909                           pclath	equ	0xFFA
  3910                           tblptru	equ	0xFF8
  3911                           tblptrh	equ	0xFF7
  3912                           tblptrl	equ	0xFF6
  3913                           tablat	equ	0xFF5
  3914                           prodh	equ	0xFF4
  3915                           prodl	equ	0xFF3
  3916                           intcon	equ	0xFF2
  3917                           postinc0	equ	0xFEE
  3918                           plusw0	equ	0xFEB
  3919                           fsr0h	equ	0xFEA
  3920                           fsr0l	equ	0xFE9
  3921                           wreg	equ	0xFE8
  3922                           postdec1	equ	0xFE5
  3923                           fsr1h	equ	0xFE2
  3924                           fsr1l	equ	0xFE1
  3925                           postinc2	equ	0xFDE
  3926                           postdec2	equ	0xFDD
  3927                           plusw2	equ	0xFDB
  3928                           fsr2h	equ	0xFDA
  3929                           fsr2l	equ	0xFD9
  3930                           status	equ	0xFD8
  3931                           
  3932 ;; *************** function _uart_write *****************
  3933 ;; Defined at:
  3934 ;;		line 210 in file "../../../../Libraries/lib_pic/uart.c"
  3935 ;; Parameters:    Size  Location     Type
  3936 ;;  uart_id         1    wreg     enum E2250
  3937 ;;  data            1    0[COMRAM] unsigned char 
  3938 ;; Auto vars:     Size  Location     Type
  3939 ;;  uart_id         1    1[COMRAM] enum E2250
  3940 ;; Return value:  Size  Location     Type
  3941 ;;                  1    wreg      enum E2190
  3942 ;; Registers used:
  3943 ;;		wreg, status,2
  3944 ;; Tracked objects:
  3945 ;;		On entry : 0/0
  3946 ;;		On exit  : 0/0
  3947 ;;		Unchanged: 0/0
  3948 ;; Data sizes:     COMRAM   BANK0   BANK1   BANK2   BANK3   BANK4   BANK5
  3949 ;;      Params:         1       0       0       0       0       0       0
  3950 ;;      Locals:         1       0       0       0       0       0       0
  3951 ;;      Temps:          0       0       0       0       0       0       0
  3952 ;;      Totals:         2       0       0       0       0       0       0
  3953 ;;Total ram usage:        2 bytes
  3954 ;; Hardware stack levels used:    1
  3955 ;; This function calls:
  3956 ;;		Nothing
  3957 ;; This function is called by:
  3958 ;;		_uart_write_u8
  3959 ;;		_uart_write_char
  3960 ;;		_uart_write_hexa_u8
  3961 ;;		_uart_write_hexa_u16
  3962 ;;		_uart_write_u16
  3963 ;;		_uart_write_hexa_u32
  3964 ;;		_uart_write_u32
  3965 ;;		_uart_write_date
  3966 ;;		_uart_write_temperature
  3967 ;; This function uses a non-reentrant model
  3968 ;;
  3969                           
  3970                           	psect	text19
  3971  0017CE                     __ptext19:
  3972                           	opt stack 0
  3973  0017CE                     _uart_write:
  3974                           	opt stack 0
  3975  0017CE  FFFF               	dw	65535	; assembler added errata NOP
  3976                           
  3977                           ;incstack = 0
  3978                           ;uart_write@uart_id stored from wreg
  3979  0017D0  6E02               	movwf	uart_write@uart_id,c
  3980                           
  3981                           ;uart.c: 214: if (uart_id == UART_ID_1){
  3982  0017D2  5002               	movf	uart_write@uart_id,w,c
  3983  0017D4  A4D8               	btfss	status,2,c
  3984  0017D6  D005               	goto	i2l501
  3985  0017D8                     i2u352_40:
  3986  0017D8  FFFF               	dw	65535	; assembler added errata NOP
  3987                           
  3988                           ;uart.c: 215: while(!TXSTAbits.TRMT);
  3989  0017DA  A2AC               	btfss	4012,1,c	;volatile
  3990  0017DC  D7FD               	goto	i2u352_40
  3991                           
  3992                           ;uart.c: 216: TXREG = data;
  3993  0017DE  C001  FFAD         	movff	uart_write@data,4013	;volatile
  3994  0017E2                     i2l501:
  3995  0017E2  FFFF               	dw	65535	; assembler added errata NOP
  3996                           
  3997                           ;uart.c: 217: }
  3998                           ;uart.c: 251: return SUCCESS;
  3999                           ;	Return value of _uart_write is never used
  4000  0017E4  0012               	return		;funcret
  4001  0017E6  FFFF               	dw	65535	; errata NOP
  4002  0017E8                     __end_of_uart_write:
  4003                           	opt stack 0
  4004                           pclatu	equ	0xFFB
  4005                           pclath	equ	0xFFA
  4006                           tblptru	equ	0xFF8
  4007                           tblptrh	equ	0xFF7
  4008                           tblptrl	equ	0xFF6
  4009                           tablat	equ	0xFF5
  4010                           prodh	equ	0xFF4
  4011                           prodl	equ	0xFF3
  4012                           intcon	equ	0xFF2
  4013                           postinc0	equ	0xFEE
  4014                           plusw0	equ	0xFEB
  4015                           fsr0h	equ	0xFEA
  4016                           fsr0l	equ	0xFE9
  4017                           wreg	equ	0xFE8
  4018                           postdec1	equ	0xFE5
  4019                           fsr1h	equ	0xFE2
  4020                           fsr1l	equ	0xFE1
  4021                           postinc2	equ	0xFDE
  4022                           postdec2	equ	0xFDD
  4023                           plusw2	equ	0xFDB
  4024                           fsr2h	equ	0xFDA
  4025                           fsr2l	equ	0xFD9
  4026                           status	equ	0xFD8
  4027                           
  4028 ;; *************** function _lcd_write_hour *****************
  4029 ;; Defined at:
  4030 ;;		line 430 in file "../../../../Libraries/lib_lcd/lcd_2x16.c"
  4031 ;; Parameters:    Size  Location     Type
  4032 ;;  t               7   19[COMRAM] struct .
  4033 ;;  ligne           1   26[COMRAM] enum E2268
  4034 ;;  pos             1   27[COMRAM] unsigned char 
  4035 ;; Auto vars:     Size  Location     Type
  4036 ;;		None
  4037 ;; Return value:  Size  Location     Type
  4038 ;;                  1    wreg      void 
  4039 ;; Registers used:
  4040 ;;		wreg, fsr2l, fsr2h, status,2, status,0, tblptrl, tblptrh, tblptru, cstack
  4041 ;; Tracked objects:
  4042 ;;		On entry : 0/0
  4043 ;;		On exit  : 0/0
  4044 ;;		Unchanged: 0/0
  4045 ;; Data sizes:     COMRAM   BANK0   BANK1   BANK2   BANK3   BANK4   BANK5
  4046 ;;      Params:         9       0       0       0       0       0       0
  4047 ;;      Locals:         0       0       0       0       0       0       0
  4048 ;;      Temps:          0       0       0       0       0       0       0
  4049 ;;      Totals:         9       0       0       0       0       0       0
  4050 ;;Total ram usage:        9 bytes
  4051 ;; Hardware stack levels used:    1
  4052 ;; Hardware stack levels required when called:    3
  4053 ;; This function calls:
  4054 ;;		_lcd_2x16_position
  4055 ;;		_lcd_2x16_write_2bcd
  4056 ;;		_lcd_2x16_write_string
  4057 ;; This function is called by:
  4058 ;;		_timer2_irq
  4059 ;; This function uses a non-reentrant model
  4060 ;;
  4061                           
  4062                           	psect	text20
  4063  0015E0                     __ptext20:
  4064                           	opt stack 0
  4065  0015E0                     _lcd_write_hour:
  4066                           	opt stack 0
  4067  0015E0  FFFF               	dw	65535	; assembler added errata NOP
  4068                           
  4069                           ;lcd_2x16.c: 432: lcd_2x16_position (ligne, pos);
  4070                           
  4071                           ;incstack = 0
  4072  0015E2  C01C  F00D         	movff	lcd_write_hour@pos,lcd_2x16_position@pos
  4073  0015E6  501B               	movf	lcd_write_hour@ligne,w,c
  4074  0015E8  EC53  F009         	call	_lcd_2x16_position
  4075                           
  4076                           ;lcd_2x16.c: 434: lcd_2x16_write_2bcd (t.hrs);
  4077  0015EC  C014  F00D         	movff	lcd_write_hour@t,lcd_2x16_write_2bcd@data
  4078  0015F0  6A0E               	clrf	lcd_2x16_write_2bcd@data+1,c
  4079  0015F2  EC13  F00B         	call	_lcd_2x16_write_2bcd	;wreg free
  4080                           
  4081                           ;lcd_2x16.c: 435: lcd_2x16_write_string (":");
  4082  0015F6  0E3E               	movlw	low STR_4
  4083  0015F8  6E0D               	movwf	lcd_2x16_write_string@string,c
  4084  0015FA  0E06               	movlw	high STR_4
  4085  0015FC  6E0E               	movwf	lcd_2x16_write_string@string+1,c
  4086  0015FE  EC34  F00B         	call	_lcd_2x16_write_string	;wreg free
  4087                           
  4088                           ;lcd_2x16.c: 436: lcd_2x16_write_2bcd (t.min);
  4089  001602  C015  F00D         	movff	lcd_write_hour@t+1,lcd_2x16_write_2bcd@data
  4090  001606  6A0E               	clrf	lcd_2x16_write_2bcd@data+1,c
  4091  001608  EC13  F00B         	call	_lcd_2x16_write_2bcd	;wreg free
  4092                           
  4093                           ;lcd_2x16.c: 437: lcd_2x16_write_string (":");
  4094  00160C  0E3E               	movlw	low STR_4
  4095  00160E  6E0D               	movwf	lcd_2x16_write_string@string,c
  4096  001610  0E06               	movlw	high STR_4
  4097  001612  6E0E               	movwf	lcd_2x16_write_string@string+1,c
  4098  001614  EC34  F00B         	call	_lcd_2x16_write_string	;wreg free
  4099                           
  4100                           ;lcd_2x16.c: 438: lcd_2x16_write_2bcd (t.sec);
  4101  001618  C016  F00D         	movff	lcd_write_hour@t+2,lcd_2x16_write_2bcd@data
  4102  00161C  6A0E               	clrf	lcd_2x16_write_2bcd@data+1,c
  4103  00161E  EC13  F00B         	call	_lcd_2x16_write_2bcd	;wreg free
  4104  001622  0012               	return		;funcret
  4105  001624  FFFF               	dw	65535	; errata NOP
  4106  001626                     __end_of_lcd_write_hour:
  4107                           	opt stack 0
  4108                           pclatu	equ	0xFFB
  4109                           pclath	equ	0xFFA
  4110                           tblptru	equ	0xFF8
  4111                           tblptrh	equ	0xFF7
  4112                           tblptrl	equ	0xFF6
  4113                           tablat	equ	0xFF5
  4114                           prodh	equ	0xFF4
  4115                           prodl	equ	0xFF3
  4116                           intcon	equ	0xFF2
  4117                           postinc0	equ	0xFEE
  4118                           plusw0	equ	0xFEB
  4119                           fsr0h	equ	0xFEA
  4120                           fsr0l	equ	0xFE9
  4121                           wreg	equ	0xFE8
  4122                           postdec1	equ	0xFE5
  4123                           fsr1h	equ	0xFE2
  4124                           fsr1l	equ	0xFE1
  4125                           postinc2	equ	0xFDE
  4126                           postdec2	equ	0xFDD
  4127                           plusw2	equ	0xFDB
  4128                           fsr2h	equ	0xFDA
  4129                           fsr2l	equ	0xFD9
  4130                           status	equ	0xFD8
  4131                           
  4132 ;; *************** function _lcd_2x16_write_string *****************
  4133 ;; Defined at:
  4134 ;;		line 156 in file "../../../../Libraries/lib_lcd/lcd_2x16.c"
  4135 ;; Parameters:    Size  Location     Type
  4136 ;;  string          2   12[COMRAM] PTR const unsigned char 
  4137 ;;		 -> STR_5(2), STR_4(2), STR_3(2), STR_2(2), 
  4138 ;;		 -> STR_1(2), 
  4139 ;; Auto vars:     Size  Location     Type
  4140 ;;		None
  4141 ;; Return value:  Size  Location     Type
  4142 ;;                  1    wreg      void 
  4143 ;; Registers used:
  4144 ;;		wreg, status,2, status,0, tblptrl, tblptrh, tblptru, cstack
  4145 ;; Tracked objects:
  4146 ;;		On entry : 0/0
  4147 ;;		On exit  : 0/0
  4148 ;;		Unchanged: 0/0
  4149 ;; Data sizes:     COMRAM   BANK0   BANK1   BANK2   BANK3   BANK4   BANK5
  4150 ;;      Params:         2       0       0       0       0       0       0
  4151 ;;      Locals:         0       0       0       0       0       0       0
  4152 ;;      Temps:          0       0       0       0       0       0       0
  4153 ;;      Totals:         2       0       0       0       0       0       0
  4154 ;;Total ram usage:        2 bytes
  4155 ;; Hardware stack levels used:    1
  4156 ;; Hardware stack levels required when called:    2
  4157 ;; This function calls:
  4158 ;;		i2_lcd_2x16_write
  4159 ;; This function is called by:
  4160 ;;		_lcd_write_hour
  4161 ;;		_lcd_write_date
  4162 ;; This function uses a non-reentrant model
  4163 ;;
  4164                           
  4165                           	psect	text21
  4166  001668                     __ptext21:
  4167                           	opt stack 0
  4168  001668                     _lcd_2x16_write_string:
  4169                           	opt stack 0
  4170  001668  FFFF               	dw	65535	; assembler added errata NOP
  4171                           
  4172                           ;lcd_2x16.c: 158: while (*string)
  4173                           
  4174                           ;incstack = 0
  4175  00166A  D010               	goto	i2l143
  4176  00166C  FFFF               	dw	65535	; assembler added errata NOP
  4177                           
  4178                           ;lcd_2x16.c: 159: {
  4179                           ;lcd_2x16.c: 160: lcd_2x16_write (*string++, 1);
  4180  00166E  C00D  FFF6         	movff	lcd_2x16_write_string@string,tblptrl
  4181  001672  C00E  FFF7         	movff	lcd_2x16_write_string@string+1,tblptrh
  4182  001676                     	if	0	;tblptru may be non-zero
  4183  001676                     	endif
  4184  001676                     	if	0	;tblptru may be non-zero
  4185  001676                     	endif
  4186  001676  0008               	tblrd		*
  4187  001678  FFFF               	dw	65535	; errata NOP
  4188  00167A  50F5               	movf	tablat,w,c
  4189  00167C  6E07               	movwf	i2lcd_2x16_write@data,c
  4190  00167E  6A08               	clrf	i2lcd_2x16_write@data+1,c
  4191  001680  0E01               	movlw	1
  4192  001682  6E09               	movwf	i2lcd_2x16_write@rs,c
  4193  001684  ECB4  F004         	call	i2_lcd_2x16_write	;wreg free
  4194  001688  4A0D               	infsnz	lcd_2x16_write_string@string,f,c
  4195  00168A  2A0E               	incf	lcd_2x16_write_string@string+1,f,c
  4196  00168C                     i2l143:
  4197  00168C  FFFF               	dw	65535	; assembler added errata NOP
  4198  00168E  C00D  FFF6         	movff	lcd_2x16_write_string@string,tblptrl
  4199  001692  C00E  FFF7         	movff	lcd_2x16_write_string@string+1,tblptrh
  4200  001696                     	if	0	;tblptru may be non-zero
  4201  001696                     	endif
  4202  001696                     	if	0	;tblptru may be non-zero
  4203  001696                     	endif
  4204  001696  0008               	tblrd		*
  4205  001698  FFFF               	dw	65535	; errata NOP
  4206  00169A  50F5               	movf	tablat,w,c
  4207  00169C  0900               	iorlw	0
  4208  00169E  B4D8               	btfsc	status,2,c
  4209  0016A0  0012               	return		;funcret
  4210  0016A2  FFFF               	dw	65535	; assembler added errata NOP
  4211  0016A4  D7E3               	goto	i2l144
  4212  0016A6  FFFF               	dw	65535	; errata NOP
  4213  0016A8                     __end_of_lcd_2x16_write_string:
  4214                           	opt stack 0
  4215                           pclatu	equ	0xFFB
  4216                           pclath	equ	0xFFA
  4217                           tblptru	equ	0xFF8
  4218                           tblptrh	equ	0xFF7
  4219                           tblptrl	equ	0xFF6
  4220                           tablat	equ	0xFF5
  4221                           prodh	equ	0xFF4
  4222                           prodl	equ	0xFF3
  4223                           intcon	equ	0xFF2
  4224                           postinc0	equ	0xFEE
  4225                           plusw0	equ	0xFEB
  4226                           fsr0h	equ	0xFEA
  4227                           fsr0l	equ	0xFE9
  4228                           wreg	equ	0xFE8
  4229                           postdec1	equ	0xFE5
  4230                           fsr1h	equ	0xFE2
  4231                           fsr1l	equ	0xFE1
  4232                           postinc2	equ	0xFDE
  4233                           postdec2	equ	0xFDD
  4234                           plusw2	equ	0xFDB
  4235                           fsr2h	equ	0xFDA
  4236                           fsr2l	equ	0xFD9
  4237                           status	equ	0xFD8
  4238                           
  4239 ;; *************** function _lcd_2x16_write_2bcd *****************
  4240 ;; Defined at:
  4241 ;;		line 168 in file "../../../../Libraries/lib_lcd/lcd_2x16.c"
  4242 ;; Parameters:    Size  Location     Type
  4243 ;;  data            2   12[COMRAM] unsigned short 
  4244 ;; Auto vars:     Size  Location     Type
  4245 ;;  bcd             5   14[COMRAM] unsigned char [5]
  4246 ;; Return value:  Size  Location     Type
  4247 ;;                  1    wreg      void 
  4248 ;; Registers used:
  4249 ;;		wreg, fsr2l, fsr2h, status,2, status,0, cstack
  4250 ;; Tracked objects:
  4251 ;;		On entry : 0/0
  4252 ;;		On exit  : 0/0
  4253 ;;		Unchanged: 0/0
  4254 ;; Data sizes:     COMRAM   BANK0   BANK1   BANK2   BANK3   BANK4   BANK5
  4255 ;;      Params:         2       0       0       0       0       0       0
  4256 ;;      Locals:         5       0       0       0       0       0       0
  4257 ;;      Temps:          0       0       0       0       0       0       0
  4258 ;;      Totals:         7       0       0       0       0       0       0
  4259 ;;Total ram usage:        7 bytes
  4260 ;; Hardware stack levels used:    1
  4261 ;; Hardware stack levels required when called:    2
  4262 ;; This function calls:
  4263 ;;		_dec_2_bcd
  4264 ;;		i2_lcd_2x16_write
  4265 ;; This function is called by:
  4266 ;;		_lcd_write_hour
  4267 ;;		_lcd_write_temperature
  4268 ;;		_lcd_write_date
  4269 ;; This function uses a non-reentrant model
  4270 ;;
  4271                           
  4272                           	psect	text22
  4273  001626                     __ptext22:
  4274                           	opt stack 0
  4275  001626                     _lcd_2x16_write_2bcd:
  4276                           	opt stack 0
  4277  001626  FFFF               	dw	65535	; assembler added errata NOP
  4278                           
  4279                           ;lcd_2x16.c: 170: u8 bcd[5];
  4280                           ;lcd_2x16.c: 171: dec_2_bcd (data, bcd);
  4281                           
  4282                           ;incstack = 0
  4283  001628  C00D  F001         	movff	lcd_2x16_write_2bcd@data,dec_2_bcd@dec
  4284  00162C  C00E  F002         	movff	lcd_2x16_write_2bcd@data+1,dec_2_bcd@dec+1
  4285  001630  0E0F               	movlw	low lcd_2x16_write_2bcd@bcd
  4286  001632  6E03               	movwf	dec_2_bcd@bcd,c
  4287  001634  0E00               	movlw	high lcd_2x16_write_2bcd@bcd
  4288  001636  6E04               	movwf	dec_2_bcd@bcd+1,c
  4289  001638  ECDF  F005         	call	_dec_2_bcd	;wreg free
  4290                           
  4291                           ;lcd_2x16.c: 172: lcd_2x16_write (bcd[1] + 0x30, 1);
  4292  00163C  0E30               	movlw	48
  4293  00163E  2410               	addwf	lcd_2x16_write_2bcd@bcd+1,w,c
  4294  001640  6E07               	movwf	i2lcd_2x16_write@data,c
  4295  001642  6A08               	clrf	i2lcd_2x16_write@data+1,c
  4296  001644  0E00               	movlw	0
  4297  001646  2208               	addwfc	i2lcd_2x16_write@data+1,f,c
  4298  001648  0E01               	movlw	1
  4299  00164A  6E09               	movwf	i2lcd_2x16_write@rs,c
  4300  00164C  ECB4  F004         	call	i2_lcd_2x16_write	;wreg free
  4301                           
  4302                           ;lcd_2x16.c: 173: lcd_2x16_write (bcd[0] + 0x30, 1);
  4303  001650  0E30               	movlw	48
  4304  001652  240F               	addwf	lcd_2x16_write_2bcd@bcd,w,c
  4305  001654  6E07               	movwf	i2lcd_2x16_write@data,c
  4306  001656  6A08               	clrf	i2lcd_2x16_write@data+1,c
  4307  001658  0E00               	movlw	0
  4308  00165A  2208               	addwfc	i2lcd_2x16_write@data+1,f,c
  4309  00165C  0E01               	movlw	1
  4310  00165E  6E09               	movwf	i2lcd_2x16_write@rs,c
  4311  001660  ECB4  F004         	call	i2_lcd_2x16_write	;wreg free
  4312  001664  0012               	return		;funcret
  4313  001666  FFFF               	dw	65535	; errata NOP
  4314  001668                     __end_of_lcd_2x16_write_2bcd:
  4315                           	opt stack 0
  4316                           pclatu	equ	0xFFB
  4317                           pclath	equ	0xFFA
  4318                           tblptru	equ	0xFF8
  4319                           tblptrh	equ	0xFF7
  4320                           tblptrl	equ	0xFF6
  4321                           tablat	equ	0xFF5
  4322                           prodh	equ	0xFF4
  4323                           prodl	equ	0xFF3
  4324                           intcon	equ	0xFF2
  4325                           postinc0	equ	0xFEE
  4326                           plusw0	equ	0xFEB
  4327                           fsr0h	equ	0xFEA
  4328                           fsr0l	equ	0xFE9
  4329                           wreg	equ	0xFE8
  4330                           postdec1	equ	0xFE5
  4331                           fsr1h	equ	0xFE2
  4332                           fsr1l	equ	0xFE1
  4333                           postinc2	equ	0xFDE
  4334                           postdec2	equ	0xFDD
  4335                           plusw2	equ	0xFDB
  4336                           fsr2h	equ	0xFDA
  4337                           fsr2l	equ	0xFD9
  4338                           status	equ	0xFD8
  4339                           
  4340 ;; *************** function _dec_2_bcd *****************
  4341 ;; Defined at:
  4342 ;;		line 50 in file "../../../../Libraries/lib_misc/misc.c"
  4343 ;; Parameters:    Size  Location     Type
  4344 ;;  dec             2    0[COMRAM] unsigned short 
  4345 ;;  bcd             2    2[COMRAM] PTR unsigned char 
  4346 ;;		 -> uart_write_temperature@bcd(5), uart_write_date@bcd(5), uart_write_u16@bcd(5), uart_write_u8@bcd(5), 
  4347 ;;		 -> uart_write_char@bcd(5), lcd_2x16_write_u16@bcd(5), lcd_2x16_write_u8@bcd(5), lcd_2x16_write_s16@bcd(5), 
  4348 ;;		 -> lcd_2x16_write_s8@bcd(5), lcd_2x16_write_2bcd@bcd(5), 
  4349 ;; Auto vars:     Size  Location     Type
  4350 ;;		None
  4351 ;; Return value:  Size  Location     Type
  4352 ;;                  1    wreg      void 
  4353 ;; Registers used:
  4354 ;;		wreg, fsr2l, fsr2h, status,2, status,0
  4355 ;; Tracked objects:
  4356 ;;		On entry : 0/0
  4357 ;;		On exit  : 0/0
  4358 ;;		Unchanged: 0/0
  4359 ;; Data sizes:     COMRAM   BANK0   BANK1   BANK2   BANK3   BANK4   BANK5
  4360 ;;      Params:         4       0       0       0       0       0       0
  4361 ;;      Locals:         0       0       0       0       0       0       0
  4362 ;;      Temps:          0       0       0       0       0       0       0
  4363 ;;      Totals:         4       0       0       0       0       0       0
  4364 ;;Total ram usage:        4 bytes
  4365 ;; Hardware stack levels used:    1
  4366 ;; This function calls:
  4367 ;;		Nothing
  4368 ;; This function is called by:
  4369 ;;		_lcd_2x16_write_2bcd
  4370 ;;		_uart_write_u8
  4371 ;;		_lcd_2x16_write_s8
  4372 ;;		_lcd_2x16_write_s16
  4373 ;;		_lcd_2x16_write_u8
  4374 ;;		_lcd_2x16_write_u16
  4375 ;;		_uart_write_char
  4376 ;;		_uart_write_u16
  4377 ;;		_uart_write_date
  4378 ;;		_uart_write_temperature
  4379 ;; This function uses a non-reentrant model
  4380 ;;
  4381                           
  4382                           	psect	text23
  4383  000BBE                     __ptext23:
  4384                           	opt stack 0
  4385  000BBE                     _dec_2_bcd:
  4386                           	opt stack 0
  4387  000BBE  FFFF               	dw	65535	; assembler added errata NOP
  4388                           
  4389                           ;misc.c: 52: bcd[0]=0, bcd[1]=0, bcd[2]=0, bcd[3]=0, bcd[4]=0;
  4390                           
  4391                           ;incstack = 0
  4392  000BC0  C003  FFD9         	movff	dec_2_bcd@bcd,fsr2l
  4393  000BC4  C004  FFDA         	movff	dec_2_bcd@bcd+1,fsr2h
  4394  000BC8  0E00               	movlw	0
  4395  000BCA  6EDF               	movwf	indf2,c
  4396  000BCC  EE20 F001          	lfsr	2,1
  4397  000BD0  5003               	movf	dec_2_bcd@bcd,w,c
  4398  000BD2  26D9               	addwf	fsr2l,f,c
  4399  000BD4  5004               	movf	dec_2_bcd@bcd+1,w,c
  4400  000BD6  22DA               	addwfc	fsr2h,f,c
  4401  000BD8  0E00               	movlw	0
  4402  000BDA  6EDF               	movwf	indf2,c
  4403  000BDC  EE20 F002          	lfsr	2,2
  4404  000BE0  5003               	movf	dec_2_bcd@bcd,w,c
  4405  000BE2  26D9               	addwf	fsr2l,f,c
  4406  000BE4  5004               	movf	dec_2_bcd@bcd+1,w,c
  4407  000BE6  22DA               	addwfc	fsr2h,f,c
  4408  000BE8  0E00               	movlw	0
  4409  000BEA  6EDF               	movwf	indf2,c
  4410  000BEC  EE20 F003          	lfsr	2,3
  4411  000BF0  5003               	movf	dec_2_bcd@bcd,w,c
  4412  000BF2  26D9               	addwf	fsr2l,f,c
  4413  000BF4  5004               	movf	dec_2_bcd@bcd+1,w,c
  4414  000BF6  22DA               	addwfc	fsr2h,f,c
  4415  000BF8  0E00               	movlw	0
  4416  000BFA  6EDF               	movwf	indf2,c
  4417  000BFC  EE20 F004          	lfsr	2,4
  4418  000C00  5003               	movf	dec_2_bcd@bcd,w,c
  4419  000C02  26D9               	addwf	fsr2l,f,c
  4420  000C04  5004               	movf	dec_2_bcd@bcd+1,w,c
  4421  000C06  22DA               	addwfc	fsr2h,f,c
  4422  000C08  0E00               	movlw	0
  4423  000C0A  6EDF               	movwf	indf2,c
  4424                           
  4425                           ;misc.c: 54: while (dec>=10000) {bcd[4]++; dec -= 10000;}
  4426  000C0C  D00C               	goto	i2l229
  4427  000C0E  FFFF               	dw	65535	; assembler added errata NOP
  4428  000C10  EE20 F004          	lfsr	2,4
  4429  000C14  5003               	movf	dec_2_bcd@bcd,w,c
  4430  000C16  26D9               	addwf	fsr2l,f,c
  4431  000C18  5004               	movf	dec_2_bcd@bcd+1,w,c
  4432  000C1A  22DA               	addwfc	fsr2h,f,c
  4433  000C1C  2ADF               	incf	indf2,f,c
  4434  000C1E  0E10               	movlw	16
  4435  000C20  5E01               	subwf	dec_2_bcd@dec,f,c
  4436  000C22  0E27               	movlw	39
  4437  000C24  5A02               	subwfb	dec_2_bcd@dec+1,f,c
  4438  000C26                     i2l229:
  4439  000C26  FFFF               	dw	65535	; assembler added errata NOP
  4440  000C28  0E10               	movlw	16
  4441  000C2A  5C01               	subwf	dec_2_bcd@dec,w,c
  4442  000C2C  0E27               	movlw	39
  4443  000C2E  5802               	subwfb	dec_2_bcd@dec+1,w,c
  4444  000C30  A0D8               	btfss	status,0,c
  4445  000C32  D00D               	goto	i2l232
  4446  000C34  D7EC               	goto	i2l230
  4447  000C36  FFFF               	dw	65535	; assembler added errata NOP
  4448  000C38  EE20 F003          	lfsr	2,3
  4449  000C3C  5003               	movf	dec_2_bcd@bcd,w,c
  4450  000C3E  26D9               	addwf	fsr2l,f,c
  4451  000C40  5004               	movf	dec_2_bcd@bcd+1,w,c
  4452  000C42  22DA               	addwfc	fsr2h,f,c
  4453  000C44  2ADF               	incf	indf2,f,c
  4454  000C46  0EE8               	movlw	232
  4455  000C48  5E01               	subwf	dec_2_bcd@dec,f,c
  4456  000C4A  0E03               	movlw	3
  4457  000C4C  5A02               	subwfb	dec_2_bcd@dec+1,f,c
  4458  000C4E                     i2l232:
  4459  000C4E  FFFF               	dw	65535	; assembler added errata NOP
  4460  000C50  0EE8               	movlw	232
  4461  000C52  5C01               	subwf	dec_2_bcd@dec,w,c
  4462  000C54  0E03               	movlw	3
  4463  000C56  5802               	subwfb	dec_2_bcd@dec+1,w,c
  4464  000C58  A0D8               	btfss	status,0,c
  4465  000C5A  D00D               	goto	i2l235
  4466  000C5C  D7EC               	goto	i2l233
  4467  000C5E  FFFF               	dw	65535	; assembler added errata NOP
  4468  000C60                     i2l2954:
  4469  000C60  EE20 F002          	lfsr	2,2
  4470  000C64  5003               	movf	dec_2_bcd@bcd,w,c
  4471  000C66  26D9               	addwf	fsr2l,f,c
  4472  000C68  5004               	movf	dec_2_bcd@bcd+1,w,c
  4473  000C6A  22DA               	addwfc	fsr2h,f,c
  4474  000C6C  2ADF               	incf	indf2,f,c
  4475  000C6E  0E64               	movlw	100
  4476  000C70  5E01               	subwf	dec_2_bcd@dec,f,c
  4477  000C72  0E00               	movlw	0
  4478  000C74  5A02               	subwfb	dec_2_bcd@dec+1,f,c
  4479  000C76                     i2l235:
  4480  000C76  FFFF               	dw	65535	; assembler added errata NOP
  4481  000C78  5002               	movf	dec_2_bcd@dec+1,w,c
  4482  000C7A  E1F2               	bnz	i2l2954
  4483  000C7C  0E64               	movlw	100
  4484  000C7E  5C01               	subwf	dec_2_bcd@dec,w,c
  4485  000C80  A0D8               	btfss	status,0,c
  4486  000C82  D00D               	goto	i2l238
  4487  000C84  D7EC               	goto	i2l236
  4488  000C86  FFFF               	dw	65535	; assembler added errata NOP
  4489  000C88                     i2l2960:
  4490  000C88  EE20 F001          	lfsr	2,1
  4491  000C8C  5003               	movf	dec_2_bcd@bcd,w,c
  4492  000C8E  26D9               	addwf	fsr2l,f,c
  4493  000C90  5004               	movf	dec_2_bcd@bcd+1,w,c
  4494  000C92  22DA               	addwfc	fsr2h,f,c
  4495  000C94  2ADF               	incf	indf2,f,c
  4496  000C96  0E0A               	movlw	10
  4497  000C98  5E01               	subwf	dec_2_bcd@dec,f,c
  4498  000C9A  0E00               	movlw	0
  4499  000C9C  5A02               	subwfb	dec_2_bcd@dec+1,f,c
  4500  000C9E                     i2l238:
  4501  000C9E  FFFF               	dw	65535	; assembler added errata NOP
  4502  000CA0  5002               	movf	dec_2_bcd@dec+1,w,c
  4503  000CA2  E1F2               	bnz	i2l2960
  4504  000CA4  0E0A               	movlw	10
  4505  000CA6  5C01               	subwf	dec_2_bcd@dec,w,c
  4506  000CA8  B0D8               	btfsc	status,0,c
  4507  000CAA  D7ED               	goto	i2l239
  4508                           
  4509                           ;misc.c: 58: bcd[0] = dec;
  4510  000CAC  C003  FFD9         	movff	dec_2_bcd@bcd,fsr2l
  4511  000CB0  C004  FFDA         	movff	dec_2_bcd@bcd+1,fsr2h
  4512  000CB4  C001  FFDF         	movff	dec_2_bcd@dec,indf2
  4513  000CB8  0012               	return		;funcret
  4514  000CBA  FFFF               	dw	65535	; errata NOP
  4515  000CBC                     __end_of_dec_2_bcd:
  4516                           	opt stack 0
  4517                           pclatu	equ	0xFFB
  4518                           pclath	equ	0xFFA
  4519                           tblptru	equ	0xFF8
  4520                           tblptrh	equ	0xFF7
  4521                           tblptrl	equ	0xFF6
  4522                           tablat	equ	0xFF5
  4523                           prodh	equ	0xFF4
  4524                           prodl	equ	0xFF3
  4525                           intcon	equ	0xFF2
  4526                           postinc0	equ	0xFEE
  4527                           plusw0	equ	0xFEB
  4528                           fsr0h	equ	0xFEA
  4529                           fsr0l	equ	0xFE9
  4530                           wreg	equ	0xFE8
  4531                           postdec1	equ	0xFE5
  4532                           fsr1h	equ	0xFE2
  4533                           fsr1l	equ	0xFE1
  4534                           indf2	equ	0xFDF
  4535                           postinc2	equ	0xFDE
  4536                           postdec2	equ	0xFDD
  4537                           plusw2	equ	0xFDB
  4538                           fsr2h	equ	0xFDA
  4539                           fsr2l	equ	0xFD9
  4540                           status	equ	0xFD8
  4541                           
  4542 ;; *************** function _lcd_2x16_position *****************
  4543 ;; Defined at:
  4544 ;;		line 133 in file "../../../../Libraries/lib_lcd/lcd_2x16.c"
  4545 ;; Parameters:    Size  Location     Type
  4546 ;;  ligne           1    wreg     enum E2268
  4547 ;;  pos             1   12[COMRAM] unsigned char 
  4548 ;; Auto vars:     Size  Location     Type
  4549 ;;  ligne           1   13[COMRAM] enum E2268
  4550 ;; Return value:  Size  Location     Type
  4551 ;;                  1    wreg      void 
  4552 ;; Registers used:
  4553 ;;		wreg, status,2, status,0, cstack
  4554 ;; Tracked objects:
  4555 ;;		On entry : 0/0
  4556 ;;		On exit  : 0/0
  4557 ;;		Unchanged: 0/0
  4558 ;; Data sizes:     COMRAM   BANK0   BANK1   BANK2   BANK3   BANK4   BANK5
  4559 ;;      Params:         1       0       0       0       0       0       0
  4560 ;;      Locals:         1       0       0       0       0       0       0
  4561 ;;      Temps:          0       0       0       0       0       0       0
  4562 ;;      Totals:         2       0       0       0       0       0       0
  4563 ;;Total ram usage:        2 bytes
  4564 ;; Hardware stack levels used:    1
  4565 ;; Hardware stack levels required when called:    2
  4566 ;; This function calls:
  4567 ;;		i2_lcd_2x16_write
  4568 ;; This function is called by:
  4569 ;;		_lcd_write_hour
  4570 ;;		_lcd_write_temperature
  4571 ;;		_lcd_write_date
  4572 ;; This function uses a non-reentrant model
  4573 ;;
  4574                           
  4575                           	psect	text24
  4576  0012A6                     __ptext24:
  4577                           	opt stack 0
  4578  0012A6                     _lcd_2x16_position:
  4579                           	opt stack 0
  4580  0012A6  FFFF               	dw	65535	; assembler added errata NOP
  4581                           
  4582                           ;incstack = 0
  4583                           ;lcd_2x16_position@ligne stored from wreg
  4584  0012A8  6E0E               	movwf	lcd_2x16_position@ligne,c
  4585                           
  4586                           ;lcd_2x16.c: 135: switch (ligne)
  4587  0012AA  D030               	goto	i2l131
  4588  0012AC  FFFF               	dw	65535	; assembler added errata NOP
  4589  0012AE  0E7F               	movlw	127
  4590  0012B0  240D               	addwf	lcd_2x16_position@pos,w,c
  4591  0012B2  6E07               	movwf	i2lcd_2x16_write@data,c
  4592  0012B4  6A08               	clrf	i2lcd_2x16_write@data+1,c
  4593  0012B6  0E00               	movlw	0
  4594  0012B8  2208               	addwfc	i2lcd_2x16_write@data+1,f,c
  4595  0012BA  0E00               	movlw	0
  4596  0012BC  6E09               	movwf	i2lcd_2x16_write@rs,c
  4597  0012BE  ECB4  F004         	call	i2_lcd_2x16_write	;wreg free
  4598  0012C2  D032               	goto	i2l133
  4599  0012C4  FFFF               	dw	65535	; assembler added errata NOP
  4600  0012C6  0EBF               	movlw	191
  4601  0012C8  240D               	addwf	lcd_2x16_position@pos,w,c
  4602  0012CA  6E07               	movwf	i2lcd_2x16_write@data,c
  4603  0012CC  6A08               	clrf	i2lcd_2x16_write@data+1,c
  4604  0012CE  0E00               	movlw	0
  4605  0012D0  2208               	addwfc	i2lcd_2x16_write@data+1,f,c
  4606  0012D2  0E00               	movlw	0
  4607  0012D4  6E09               	movwf	i2lcd_2x16_write@rs,c
  4608  0012D6  ECB4  F004         	call	i2_lcd_2x16_write	;wreg free
  4609  0012DA  D026               	goto	i2l133
  4610  0012DC  FFFF               	dw	65535	; assembler added errata NOP
  4611  0012DE  0E93               	movlw	147
  4612  0012E0  240D               	addwf	lcd_2x16_position@pos,w,c
  4613  0012E2  6E07               	movwf	i2lcd_2x16_write@data,c
  4614  0012E4  6A08               	clrf	i2lcd_2x16_write@data+1,c
  4615  0012E6  0E00               	movlw	0
  4616  0012E8  2208               	addwfc	i2lcd_2x16_write@data+1,f,c
  4617  0012EA  0E00               	movlw	0
  4618  0012EC  6E09               	movwf	i2lcd_2x16_write@rs,c
  4619  0012EE  ECB4  F004         	call	i2_lcd_2x16_write	;wreg free
  4620  0012F2  D01A               	goto	i2l133
  4621  0012F4  FFFF               	dw	65535	; assembler added errata NOP
  4622  0012F6  0ED3               	movlw	211
  4623  0012F8  240D               	addwf	lcd_2x16_position@pos,w,c
  4624  0012FA  6E07               	movwf	i2lcd_2x16_write@data,c
  4625  0012FC  6A08               	clrf	i2lcd_2x16_write@data+1,c
  4626  0012FE  0E00               	movlw	0
  4627  001300  2208               	addwfc	i2lcd_2x16_write@data+1,f,c
  4628  001302  0E00               	movlw	0
  4629  001304  6E09               	movwf	i2lcd_2x16_write@rs,c
  4630  001306  ECB4  F004         	call	i2_lcd_2x16_write	;wreg free
  4631                           
  4632                           ;lcd_2x16.c: 141: }
  4633  00130A  D00E               	goto	i2l133
  4634  00130C                     i2l131:
  4635  00130C  FFFF               	dw	65535	; assembler added errata NOP
  4636  00130E  500E               	movf	lcd_2x16_position@ligne,w,c
  4637                           
  4638                           ; Switch size 1, requested type "space"
  4639                           ; Number of cases is 4, Range of values is 1 to 4
  4640                           ; switch strategies available:
  4641                           ; Name         Instructions Cycles
  4642                           ; simple_byte           13     7 (average)
  4643                           ;	Chosen strategy is simple_byte
  4644  001310  0A01               	xorlw	1	; case 1
  4645  001312  B4D8               	btfsc	status,2,c
  4646  001314  D7CB               	goto	i2l132
  4647  001316  0A03               	xorlw	3	; case 2
  4648  001318  B4D8               	btfsc	status,2,c
  4649  00131A  D7D4               	goto	i2l134
  4650  00131C  0A01               	xorlw	1	; case 3
  4651  00131E  B4D8               	btfsc	status,2,c
  4652  001320  D7DD               	goto	i2l135
  4653  001322  0A07               	xorlw	7	; case 4
  4654  001324  B4D8               	btfsc	status,2,c
  4655  001326  D7E6               	goto	i2l136
  4656  001328                     i2l133:
  4657  001328  FFFF               	dw	65535	; assembler added errata NOP
  4658  00132A  0012               	return		;funcret
  4659  00132C  FFFF               	dw	65535	; errata NOP
  4660  00132E                     __end_of_lcd_2x16_position:
  4661                           	opt stack 0
  4662                           pclatu	equ	0xFFB
  4663                           pclath	equ	0xFFA
  4664                           tblptru	equ	0xFF8
  4665                           tblptrh	equ	0xFF7
  4666                           tblptrl	equ	0xFF6
  4667                           tablat	equ	0xFF5
  4668                           prodh	equ	0xFF4
  4669                           prodl	equ	0xFF3
  4670                           intcon	equ	0xFF2
  4671                           postinc0	equ	0xFEE
  4672                           plusw0	equ	0xFEB
  4673                           fsr0h	equ	0xFEA
  4674                           fsr0l	equ	0xFE9
  4675                           wreg	equ	0xFE8
  4676                           postdec1	equ	0xFE5
  4677                           fsr1h	equ	0xFE2
  4678                           fsr1l	equ	0xFE1
  4679                           indf2	equ	0xFDF
  4680                           postinc2	equ	0xFDE
  4681                           postdec2	equ	0xFDD
  4682                           plusw2	equ	0xFDB
  4683                           fsr2h	equ	0xFDA
  4684                           fsr2l	equ	0xFD9
  4685                           status	equ	0xFD8
  4686                           
  4687 ;; *************** function i2_lcd_2x16_write *****************
  4688 ;; Defined at:
  4689 ;;		line 89 in file "../../../../Libraries/lib_lcd/lcd_2x16.c"
  4690 ;; Parameters:    Size  Location     Type
  4691 ;;  data            2    6[COMRAM] unsigned short 
  4692 ;;  rs              1    8[COMRAM] unsigned char 
  4693 ;; Auto vars:     Size  Location     Type
  4694 ;;		None
  4695 ;; Return value:  Size  Location     Type
  4696 ;;                  1    wreg      void 
  4697 ;; Registers used:
  4698 ;;		wreg, status,2, status,0, cstack
  4699 ;; Tracked objects:
  4700 ;;		On entry : 0/0
  4701 ;;		On exit  : 0/0
  4702 ;;		Unchanged: 0/0
  4703 ;; Data sizes:     COMRAM   BANK0   BANK1   BANK2   BANK3   BANK4   BANK5
  4704 ;;      Params:         3       0       0       0       0       0       0
  4705 ;;      Locals:         0       0       0       0       0       0       0
  4706 ;;      Temps:          3       0       0       0       0       0       0
  4707 ;;      Totals:         6       0       0       0       0       0       0
  4708 ;;Total ram usage:        6 bytes
  4709 ;; Hardware stack levels used:    1
  4710 ;; Hardware stack levels required when called:    1
  4711 ;; This function calls:
  4712 ;;		i2_delay_us
  4713 ;; This function is called by:
  4714 ;;		_lcd_2x16_position
  4715 ;;		_lcd_2x16_write_string
  4716 ;;		_lcd_2x16_write_2bcd
  4717 ;; This function uses a non-reentrant model
  4718 ;;
  4719                           
  4720                           	psect	text25
  4721  000968                     __ptext25:
  4722                           	opt stack 0
  4723  000968                     i2_lcd_2x16_write:
  4724                           	opt stack 0
  4725  000968  FFFF               	dw	65535	; assembler added errata NOP
  4726                           
  4727                           ;lcd_2x16.c: 110: LATB5 = rs;
  4728                           
  4729                           ;incstack = 0
  4730  00096A  A009               	btfss	i2lcd_2x16_write@rs,0,c
  4731  00096C  D002               	goto	i2u299_40
  4732  00096E  8A8A               	bsf	3978,5,c	;volatile
  4733  000970  D002               	goto	i2u300_45
  4734  000972                     i2u299_40:
  4735  000972  FFFF               	dw	65535	; assembler added errata NOP
  4736  000974  9A8A               	bcf	3978,5,c	;volatile
  4737  000976                     i2u300_45:
  4738  000976  FFFF               	dw	65535	; assembler added errata NOP
  4739                           
  4740                           ;lcd_2x16.c: 111: LATB3 = (data >> 7) & 0x01;
  4741  000978  C007  F00A         	movff	i2lcd_2x16_write@data,??i2_lcd_2x16_write
  4742  00097C  C008  F00B         	movff	i2lcd_2x16_write@data+1,??i2_lcd_2x16_write+1
  4743  000980  0E07               	movlw	7
  4744  000982  6E0C               	movwf	(??i2_lcd_2x16_write+2)& (0+255),c
  4745  000984                     i2u301_45:
  4746  000984  FFFF               	dw	65535	; assembler added errata NOP
  4747  000986  90D8               	bcf	status,0,c
  4748  000988  320B               	rrcf	??i2_lcd_2x16_write+1,f,c
  4749  00098A  320A               	rrcf	??i2_lcd_2x16_write,f,c
  4750  00098C  2E0C               	decfsz	(??i2_lcd_2x16_write+2)& (0+255),f,c
  4751  00098E  D7FA               	goto	i2u301_45
  4752  000990  300A               	rrcf	??i2_lcd_2x16_write,w,c
  4753  000992  A0D8               	btfss	status,0,c
  4754  000994  D002               	goto	i2u302_40
  4755  000996  868A               	bsf	3978,3,c	;volatile
  4756  000998  D002               	goto	i2u303_45
  4757  00099A                     i2u302_40:
  4758  00099A  FFFF               	dw	65535	; assembler added errata NOP
  4759  00099C  968A               	bcf	3978,3,c	;volatile
  4760  00099E                     i2u303_45:
  4761  00099E  FFFF               	dw	65535	; assembler added errata NOP
  4762                           
  4763                           ;lcd_2x16.c: 112: LATB2 = (data >> 6) & 0x01;
  4764  0009A0  C007  F00A         	movff	i2lcd_2x16_write@data,??i2_lcd_2x16_write
  4765  0009A4  C008  F00B         	movff	i2lcd_2x16_write@data+1,??i2_lcd_2x16_write+1
  4766  0009A8  0E06               	movlw	6
  4767  0009AA  6E0C               	movwf	(??i2_lcd_2x16_write+2)& (0+255),c
  4768  0009AC                     i2u304_45:
  4769  0009AC  FFFF               	dw	65535	; assembler added errata NOP
  4770  0009AE  90D8               	bcf	status,0,c
  4771  0009B0  320B               	rrcf	??i2_lcd_2x16_write+1,f,c
  4772  0009B2  320A               	rrcf	??i2_lcd_2x16_write,f,c
  4773  0009B4  2E0C               	decfsz	(??i2_lcd_2x16_write+2)& (0+255),f,c
  4774  0009B6  D7FA               	goto	i2u304_45
  4775  0009B8  300A               	rrcf	??i2_lcd_2x16_write,w,c
  4776  0009BA  A0D8               	btfss	status,0,c
  4777  0009BC  D002               	goto	i2u305_40
  4778  0009BE  848A               	bsf	3978,2,c	;volatile
  4779  0009C0  D002               	goto	i2u306_45
  4780  0009C2                     i2u305_40:
  4781  0009C2  FFFF               	dw	65535	; assembler added errata NOP
  4782  0009C4  948A               	bcf	3978,2,c	;volatile
  4783  0009C6                     i2u306_45:
  4784  0009C6  FFFF               	dw	65535	; assembler added errata NOP
  4785                           
  4786                           ;lcd_2x16.c: 113: LATC5 = (data >> 5) & 0x01;
  4787  0009C8  C007  F00A         	movff	i2lcd_2x16_write@data,??i2_lcd_2x16_write
  4788  0009CC  C008  F00B         	movff	i2lcd_2x16_write@data+1,??i2_lcd_2x16_write+1
  4789  0009D0  0E05               	movlw	5
  4790  0009D2  6E0C               	movwf	(??i2_lcd_2x16_write+2)& (0+255),c
  4791  0009D4                     i2u307_45:
  4792  0009D4  FFFF               	dw	65535	; assembler added errata NOP
  4793  0009D6  90D8               	bcf	status,0,c
  4794  0009D8  320B               	rrcf	??i2_lcd_2x16_write+1,f,c
  4795  0009DA  320A               	rrcf	??i2_lcd_2x16_write,f,c
  4796  0009DC  2E0C               	decfsz	(??i2_lcd_2x16_write+2)& (0+255),f,c
  4797  0009DE  D7FA               	goto	i2u307_45
  4798  0009E0  300A               	rrcf	??i2_lcd_2x16_write,w,c
  4799  0009E2  A0D8               	btfss	status,0,c
  4800  0009E4  D002               	goto	i2u308_40
  4801  0009E6  8A8B               	bsf	3979,5,c	;volatile
  4802  0009E8  D002               	goto	i2u309_45
  4803  0009EA                     i2u308_40:
  4804  0009EA  FFFF               	dw	65535	; assembler added errata NOP
  4805  0009EC  9A8B               	bcf	3979,5,c	;volatile
  4806  0009EE                     i2u309_45:
  4807  0009EE  FFFF               	dw	65535	; assembler added errata NOP
  4808                           
  4809                           ;lcd_2x16.c: 114: LATC4 = (data >> 4) & 0x01;
  4810  0009F0  C007  F00A         	movff	i2lcd_2x16_write@data,??i2_lcd_2x16_write
  4811  0009F4  C008  F00B         	movff	i2lcd_2x16_write@data+1,??i2_lcd_2x16_write+1
  4812  0009F8  0E04               	movlw	4
  4813  0009FA  6E0C               	movwf	(??i2_lcd_2x16_write+2)& (0+255),c
  4814  0009FC                     i2u310_45:
  4815  0009FC  FFFF               	dw	65535	; assembler added errata NOP
  4816  0009FE  90D8               	bcf	status,0,c
  4817  000A00  320B               	rrcf	??i2_lcd_2x16_write+1,f,c
  4818  000A02  320A               	rrcf	??i2_lcd_2x16_write,f,c
  4819  000A04  2E0C               	decfsz	(??i2_lcd_2x16_write+2)& (0+255),f,c
  4820  000A06  D7FA               	goto	i2u310_45
  4821  000A08  300A               	rrcf	??i2_lcd_2x16_write,w,c
  4822  000A0A  A0D8               	btfss	status,0,c
  4823  000A0C  D002               	goto	i2u311_40
  4824  000A0E  888B               	bsf	3979,4,c	;volatile
  4825  000A10  D002               	goto	i2u312_45
  4826  000A12                     i2u311_40:
  4827  000A12  FFFF               	dw	65535	; assembler added errata NOP
  4828  000A14  988B               	bcf	3979,4,c	;volatile
  4829  000A16                     i2u312_45:
  4830  000A16  FFFF               	dw	65535	; assembler added errata NOP
  4831                           
  4832                           ;lcd_2x16.c: 115: LATC3 = (data >> 3) & 0x01;
  4833  000A18  C007  F00A         	movff	i2lcd_2x16_write@data,??i2_lcd_2x16_write
  4834  000A1C  C008  F00B         	movff	i2lcd_2x16_write@data+1,??i2_lcd_2x16_write+1
  4835  000A20  90D8               	bcf	status,0,c
  4836  000A22  320B               	rrcf	??i2_lcd_2x16_write+1,f,c
  4837  000A24  320A               	rrcf	??i2_lcd_2x16_write,f,c
  4838  000A26  90D8               	bcf	status,0,c
  4839  000A28  320B               	rrcf	??i2_lcd_2x16_write+1,f,c
  4840  000A2A  320A               	rrcf	??i2_lcd_2x16_write,f,c
  4841  000A2C  90D8               	bcf	status,0,c
  4842  000A2E  320B               	rrcf	??i2_lcd_2x16_write+1,f,c
  4843  000A30  320A               	rrcf	??i2_lcd_2x16_write,f,c
  4844  000A32  300A               	rrcf	??i2_lcd_2x16_write,w,c
  4845  000A34  A0D8               	btfss	status,0,c
  4846  000A36  D002               	goto	i2u313_40
  4847  000A38  868B               	bsf	3979,3,c	;volatile
  4848  000A3A  D002               	goto	i2u314_45
  4849  000A3C                     i2u313_40:
  4850  000A3C  FFFF               	dw	65535	; assembler added errata NOP
  4851  000A3E  968B               	bcf	3979,3,c	;volatile
  4852  000A40                     i2u314_45:
  4853  000A40  FFFF               	dw	65535	; assembler added errata NOP
  4854                           
  4855                           ;lcd_2x16.c: 116: LATC2 = (data >> 2) & 0x01;
  4856  000A42  C007  F00A         	movff	i2lcd_2x16_write@data,??i2_lcd_2x16_write
  4857  000A46  C008  F00B         	movff	i2lcd_2x16_write@data+1,??i2_lcd_2x16_write+1
  4858  000A4A  90D8               	bcf	status,0,c
  4859  000A4C  320B               	rrcf	??i2_lcd_2x16_write+1,f,c
  4860  000A4E  320A               	rrcf	??i2_lcd_2x16_write,f,c
  4861  000A50  90D8               	bcf	status,0,c
  4862  000A52  320B               	rrcf	??i2_lcd_2x16_write+1,f,c
  4863  000A54  320A               	rrcf	??i2_lcd_2x16_write,f,c
  4864  000A56  300A               	rrcf	??i2_lcd_2x16_write,w,c
  4865  000A58  A0D8               	btfss	status,0,c
  4866  000A5A  D002               	goto	i2u315_40
  4867  000A5C  848B               	bsf	3979,2,c	;volatile
  4868  000A5E  D002               	goto	i2u316_45
  4869  000A60                     i2u315_40:
  4870  000A60  FFFF               	dw	65535	; assembler added errata NOP
  4871  000A62  948B               	bcf	3979,2,c	;volatile
  4872  000A64                     i2u316_45:
  4873  000A64  FFFF               	dw	65535	; assembler added errata NOP
  4874                           
  4875                           ;lcd_2x16.c: 117: LATB1 = (data >> 1) & 0x01;
  4876  000A66  90D8               	bcf	status,0,c
  4877  000A68  3008               	rrcf	i2lcd_2x16_write@data+1,w,c
  4878  000A6A  6E0B               	movwf	(??i2_lcd_2x16_write+1)& (0+255),c
  4879  000A6C  3007               	rrcf	i2lcd_2x16_write@data,w,c
  4880  000A6E  6E0A               	movwf	??i2_lcd_2x16_write& (0+255),c
  4881  000A70  300A               	rrcf	??i2_lcd_2x16_write,w,c
  4882  000A72  A0D8               	btfss	status,0,c
  4883  000A74  D002               	goto	i2u317_40
  4884  000A76  828A               	bsf	3978,1,c	;volatile
  4885  000A78  D002               	goto	i2u318_45
  4886  000A7A                     i2u317_40:
  4887  000A7A  FFFF               	dw	65535	; assembler added errata NOP
  4888  000A7C  928A               	bcf	3978,1,c	;volatile
  4889  000A7E                     i2u318_45:
  4890  000A7E  FFFF               	dw	65535	; assembler added errata NOP
  4891                           
  4892                           ;lcd_2x16.c: 118: LATB0 = (data >> 0) & 0x01;
  4893  000A80  A007               	btfss	i2lcd_2x16_write@data,0,c
  4894  000A82  D002               	goto	i2u319_40
  4895  000A84  808A               	bsf	3978,0,c	;volatile
  4896  000A86  D002               	goto	i2u320_45
  4897  000A88                     i2u319_40:
  4898  000A88  FFFF               	dw	65535	; assembler added errata NOP
  4899  000A8A  908A               	bcf	3978,0,c	;volatile
  4900  000A8C                     i2u320_45:
  4901  000A8C  FFFF               	dw	65535	; assembler added errata NOP
  4902                           
  4903                           ;lcd_2x16.c: 119: LATB4 = 1;
  4904  000A8E  888A               	bsf	3978,4,c	;volatile
  4905                           
  4906                           ;lcd_2x16.c: 120: delay_us (1);
  4907  000A90  0E00               	movlw	0
  4908  000A92  6E02               	movwf	i2delay_us@loop+1,c
  4909  000A94  0E01               	movlw	1
  4910  000A96  6E01               	movwf	i2delay_us@loop,c
  4911  000A98  EC92  F00B         	call	i2_delay_us	;wreg free
  4912                           
  4913                           ;lcd_2x16.c: 121: LATB4 = 0;
  4914  000A9C  988A               	bcf	3978,4,c	;volatile
  4915                           
  4916                           ;lcd_2x16.c: 122: delay_us (50);
  4917  000A9E  0E00               	movlw	0
  4918  000AA0  6E02               	movwf	i2delay_us@loop+1,c
  4919  000AA2  0E32               	movlw	50
  4920  000AA4  6E01               	movwf	i2delay_us@loop,c
  4921  000AA6  EC92  F00B         	call	i2_delay_us	;wreg free
  4922  000AAA  0012               	return		;funcret
  4923  000AAC  FFFF               	dw	65535	; errata NOP
  4924  000AAE                     __end_ofi2_lcd_2x16_write:
  4925                           	opt stack 0
  4926                           pclatu	equ	0xFFB
  4927                           pclath	equ	0xFFA
  4928                           tblptru	equ	0xFF8
  4929                           tblptrh	equ	0xFF7
  4930                           tblptrl	equ	0xFF6
  4931                           tablat	equ	0xFF5
  4932                           prodh	equ	0xFF4
  4933                           prodl	equ	0xFF3
  4934                           intcon	equ	0xFF2
  4935                           postinc0	equ	0xFEE
  4936                           plusw0	equ	0xFEB
  4937                           fsr0h	equ	0xFEA
  4938                           fsr0l	equ	0xFE9
  4939                           wreg	equ	0xFE8
  4940                           postdec1	equ	0xFE5
  4941                           fsr1h	equ	0xFE2
  4942                           fsr1l	equ	0xFE1
  4943                           indf2	equ	0xFDF
  4944                           postinc2	equ	0xFDE
  4945                           postdec2	equ	0xFDD
  4946                           plusw2	equ	0xFDB
  4947                           fsr2h	equ	0xFDA
  4948                           fsr2l	equ	0xFD9
  4949                           status	equ	0xFD8
  4950                           
  4951 ;; *************** function i2_delay_us *****************
  4952 ;; Defined at:
  4953 ;;		line 27 in file "../../../../Libraries/lib_misc/delays.c"
  4954 ;; Parameters:    Size  Location     Type
  4955 ;;  loop            2    0[COMRAM] unsigned short 
  4956 ;; Auto vars:     Size  Location     Type
  4957 ;;  delay_us        2    4[COMRAM] unsigned short 
  4958 ;;  delay_us        2    2[COMRAM] unsigned short 
  4959 ;; Return value:  Size  Location     Type
  4960 ;;                  1    wreg      void 
  4961 ;; Registers used:
  4962 ;;		wreg, status,2, status,0
  4963 ;; Tracked objects:
  4964 ;;		On entry : 0/0
  4965 ;;		On exit  : 0/0
  4966 ;;		Unchanged: 0/0
  4967 ;; Data sizes:     COMRAM   BANK0   BANK1   BANK2   BANK3   BANK4   BANK5
  4968 ;;      Params:         2       0       0       0       0       0       0
  4969 ;;      Locals:         4       0       0       0       0       0       0
  4970 ;;      Temps:          0       0       0       0       0       0       0
  4971 ;;      Totals:         6       0       0       0       0       0       0
  4972 ;;Total ram usage:        6 bytes
  4973 ;; Hardware stack levels used:    1
  4974 ;; This function calls:
  4975 ;;		Nothing
  4976 ;; This function is called by:
  4977 ;;		i2_lcd_2x16_write
  4978 ;; This function uses a non-reentrant model
  4979 ;;
  4980                           
  4981                           	psect	text26
  4982  001724                     __ptext26:
  4983                           	opt stack 0
  4984  001724                     i2_delay_us:
  4985                           	opt stack 0
  4986  001724  FFFF               	dw	65535	; assembler added errata NOP
  4987                           
  4988                           ;delays.c: 29: u16 i, k;
  4989                           ;delays.c: 30: for (i=loop; i!=0; i--)
  4990                           
  4991                           ;incstack = 0
  4992  001726  C001  F003         	movff	i2delay_us@loop,i2delay_us@i
  4993  00172A  C002  F004         	movff	i2delay_us@loop+1,i2delay_us@i+1
  4994  00172E                     i2l2894:
  4995  00172E  FFFF               	dw	65535	; assembler added errata NOP
  4996  001730  5003               	movf	i2delay_us@i,w,c
  4997  001732  1004               	iorwf	i2delay_us@i+1,w,c
  4998  001734  B4D8               	btfsc	status,2,c
  4999  001736  D012               	goto	i2u254_40
  5000                           
  5001                           ;delays.c: 31: for (k=(10000000ul)/200000000ul; k!=0; k--);
  5002  001738  0E00               	movlw	0
  5003  00173A  6E06               	movwf	i2delay_us@k+1,c
  5004  00173C  0E00               	movlw	0
  5005  00173E  6E05               	movwf	i2delay_us@k,c
  5006  001740                     i2l2900:
  5007  001740  FFFF               	dw	65535	; assembler added errata NOP
  5008  001742  5005               	movf	i2delay_us@k,w,c
  5009  001744  1006               	iorwf	i2delay_us@k+1,w,c
  5010  001746  B4D8               	btfsc	status,2,c
  5011  001748  D004               	goto	i2u253_40
  5012  00174A  0605               	decf	i2delay_us@k,f,c
  5013  00174C  A0D8               	btfss	status,0,c
  5014  00174E  0606               	decf	i2delay_us@k+1,f,c
  5015  001750  D7F7               	goto	i2l2900
  5016  001752                     i2u253_40:
  5017  001752  FFFF               	dw	65535	; assembler added errata NOP
  5018  001754  0603               	decf	i2delay_us@i,f,c
  5019  001756  A0D8               	btfss	status,0,c
  5020  001758  0604               	decf	i2delay_us@i+1,f,c
  5021  00175A  D7E9               	goto	i2l2894
  5022  00175C                     i2u254_40:
  5023  00175C  FFFF               	dw	65535	; assembler added errata NOP
  5024  00175E  0012               	return		;funcret
  5025  001760  FFFF               	dw	65535	; errata NOP
  5026  001762                     __end_ofi2_delay_us:
  5027                           	opt stack 0
  5028                           pclatu	equ	0xFFB
  5029                           pclath	equ	0xFFA
  5030                           tblptru	equ	0xFF8
  5031                           tblptrh	equ	0xFF7
  5032                           tblptrl	equ	0xFF6
  5033                           tablat	equ	0xFF5
  5034                           prodh	equ	0xFF4
  5035                           prodl	equ	0xFF3
  5036                           intcon	equ	0xFF2
  5037                           postinc0	equ	0xFEE
  5038                           plusw0	equ	0xFEB
  5039                           fsr0h	equ	0xFEA
  5040                           fsr0l	equ	0xFE9
  5041                           wreg	equ	0xFE8
  5042                           postdec1	equ	0xFE5
  5043                           fsr1h	equ	0xFE2
  5044                           fsr1l	equ	0xFE1
  5045                           indf2	equ	0xFDF
  5046                           postinc2	equ	0xFDE
  5047                           postdec2	equ	0xFDD
  5048                           plusw2	equ	0xFDB
  5049                           fsr2h	equ	0xFDA
  5050                           fsr2l	equ	0xFD9
  5051                           status	equ	0xFD8
  5052                           
  5053 ;; *************** function _clock_update *****************
  5054 ;; Defined at:
  5055 ;;		line 21 in file "../../../../Libraries/lib_misc/clock.c"
  5056 ;; Parameters:    Size  Location     Type
  5057 ;;  t               2    0[COMRAM] PTR struct .
  5058 ;;		 -> t(7), 
  5059 ;; Auto vars:     Size  Location     Type
  5060 ;;		None
  5061 ;; Return value:  Size  Location     Type
  5062 ;;                  1    wreg      void 
  5063 ;; Registers used:
  5064 ;;		wreg, fsr2l, fsr2h, status,2, status,0
  5065 ;; Tracked objects:
  5066 ;;		On entry : 0/0
  5067 ;;		On exit  : 0/0
  5068 ;;		Unchanged: 0/0
  5069 ;; Data sizes:     COMRAM   BANK0   BANK1   BANK2   BANK3   BANK4   BANK5
  5070 ;;      Params:         2       0       0       0       0       0       0
  5071 ;;      Locals:         0       0       0       0       0       0       0
  5072 ;;      Temps:          1       0       0       0       0       0       0
  5073 ;;      Totals:         3       0       0       0       0       0       0
  5074 ;;Total ram usage:        3 bytes
  5075 ;; Hardware stack levels used:    1
  5076 ;; This function calls:
  5077 ;;		Nothing
  5078 ;; This function is called by:
  5079 ;;		_timer2_irq
  5080 ;; This function uses a non-reentrant model
  5081 ;;
  5082                           
  5083                           	psect	text27
  5084  00132E                     __ptext27:
  5085                           	opt stack 0
  5086  00132E                     _clock_update:
  5087                           	opt stack 0
  5088  00132E  FFFF               	dw	65535	; assembler added errata NOP
  5089                           
  5090                           ;clock.c: 23: if (t->sec >= 59){
  5091                           
  5092                           ;incstack = 0
  5093  001330  EE20 F002          	lfsr	2,2
  5094  001334  5001               	movf	clock_update@t,w,c
  5095  001336  26D9               	addwf	fsr2l,f,c
  5096  001338  5002               	movf	clock_update@t+1,w,c
  5097  00133A  22DA               	addwfc	fsr2h,f,c
  5098  00133C  0E3A               	movlw	58
  5099  00133E  64DF               	cpfsgt	indf2,c
  5100  001340  D036               	goto	i2l462
  5101                           
  5102                           ;clock.c: 24: t->sec = 0;
  5103  001342  EE20 F002          	lfsr	2,2
  5104  001346  5001               	movf	clock_update@t,w,c
  5105  001348  26D9               	addwf	fsr2l,f,c
  5106  00134A  5002               	movf	clock_update@t+1,w,c
  5107  00134C  22DA               	addwfc	fsr2h,f,c
  5108  00134E  0E00               	movlw	0
  5109  001350  6EDF               	movwf	indf2,c
  5110                           
  5111                           ;clock.c: 25: if (t->min >= 59){
  5112  001352  EE20 F001          	lfsr	2,1
  5113  001356  5001               	movf	clock_update@t,w,c
  5114  001358  26D9               	addwf	fsr2l,f,c
  5115  00135A  5002               	movf	clock_update@t+1,w,c
  5116  00135C  22DA               	addwfc	fsr2h,f,c
  5117  00135E  0E3A               	movlw	58
  5118  001360  64DF               	cpfsgt	indf2,c
  5119  001362  D01C               	goto	i2l459
  5120                           
  5121                           ;clock.c: 26: t->min = 0;
  5122  001364  EE20 F001          	lfsr	2,1
  5123  001368  5001               	movf	clock_update@t,w,c
  5124  00136A  26D9               	addwf	fsr2l,f,c
  5125  00136C  5002               	movf	clock_update@t+1,w,c
  5126  00136E  22DA               	addwfc	fsr2h,f,c
  5127  001370  0E00               	movlw	0
  5128  001372  6EDF               	movwf	indf2,c
  5129                           
  5130                           ;clock.c: 27: if (t->hrs >= 23){
  5131  001374  C001  FFD9         	movff	clock_update@t,fsr2l
  5132  001378  C002  FFDA         	movff	clock_update@t+1,fsr2h
  5133  00137C  0E16               	movlw	22
  5134  00137E  64DF               	cpfsgt	indf2,c
  5135  001380  D007               	goto	i2l460
  5136                           
  5137                           ;clock.c: 28: t->hrs = 0;
  5138  001382  C001  FFD9         	movff	clock_update@t,fsr2l
  5139  001386  C002  FFDA         	movff	clock_update@t+1,fsr2h
  5140  00138A  0E00               	movlw	0
  5141  00138C  6EDF               	movwf	indf2,c
  5142                           
  5143                           ;clock.c: 29: }else{
  5144  00138E  D00F               	goto	i2l462
  5145  001390                     i2l460:
  5146  001390  FFFF               	dw	65535	; assembler added errata NOP
  5147                           
  5148                           ;clock.c: 30: t->hrs++;
  5149  001392  C001  FFD9         	movff	clock_update@t,fsr2l
  5150  001396  C002  FFDA         	movff	clock_update@t+1,fsr2h
  5151  00139A  D007               	goto	L2
  5152  00139C                     i2l459:
  5153  00139C  FFFF               	dw	65535	; assembler added errata NOP
  5154                           
  5155                           ;clock.c: 33: t->min++;
  5156  00139E  EE20 F001          	lfsr	2,1
  5157  0013A2  5001               	movf	clock_update@t,w,c
  5158  0013A4  26D9               	addwf	fsr2l,f,c
  5159  0013A6  5002               	movf	clock_update@t+1,w,c
  5160  0013A8  22DA               	addwfc	fsr2h,f,c
  5161  0013AA                     L2:
  5162  0013AA  FFFF               	dw	65535	; assembler added errata NOP
  5163  0013AC  2ADF               	incf	indf2,f,c
  5164  0013AE                     i2l462:
  5165  0013AE  FFFF               	dw	65535	; assembler added errata NOP
  5166  0013B0  0012               	return		;funcret
  5167  0013B2  FFFF               	dw	65535	; errata NOP
  5168  0013B4                     __end_of_clock_update:
  5169                           	opt stack 0
  5170                           pclatu	equ	0xFFB
  5171                           pclath	equ	0xFFA
  5172                           tblptru	equ	0xFF8
  5173                           tblptrh	equ	0xFF7
  5174                           tblptrl	equ	0xFF6
  5175                           tablat	equ	0xFF5
  5176                           prodh	equ	0xFF4
  5177                           prodl	equ	0xFF3
  5178                           intcon	equ	0xFF2
  5179                           postinc0	equ	0xFEE
  5180                           plusw0	equ	0xFEB
  5181                           fsr0h	equ	0xFEA
  5182                           fsr0l	equ	0xFE9
  5183                           wreg	equ	0xFE8
  5184                           postdec1	equ	0xFE5
  5185                           fsr1h	equ	0xFE2
  5186                           fsr1l	equ	0xFE1
  5187                           indf2	equ	0xFDF
  5188                           postinc2	equ	0xFDE
  5189                           postdec2	equ	0xFDD
  5190                           plusw2	equ	0xFDB
  5191                           fsr2h	equ	0xFDA
  5192                           fsr2l	equ	0xFD9
  5193                           status	equ	0xFD8
  5194                           pclatu	equ	0xFFB
  5195                           pclath	equ	0xFFA
  5196                           tblptru	equ	0xFF8
  5197                           tblptrh	equ	0xFF7
  5198                           tblptrl	equ	0xFF6
  5199                           tablat	equ	0xFF5
  5200                           prodh	equ	0xFF4
  5201                           prodl	equ	0xFF3
  5202                           intcon	equ	0xFF2
  5203                           postinc0	equ	0xFEE
  5204                           plusw0	equ	0xFEB
  5205                           fsr0h	equ	0xFEA
  5206                           fsr0l	equ	0xFE9
  5207                           wreg	equ	0xFE8
  5208                           postdec1	equ	0xFE5
  5209                           fsr1h	equ	0xFE2
  5210                           fsr1l	equ	0xFE1
  5211                           indf2	equ	0xFDF
  5212                           postinc2	equ	0xFDE
  5213                           postdec2	equ	0xFDD
  5214                           plusw2	equ	0xFDB
  5215                           fsr2h	equ	0xFDA
  5216                           fsr2l	equ	0xFD9
  5217                           status	equ	0xFD8
  5218                           
  5219                           	psect	rparam
  5220  0000                     pclatu	equ	0xFFB
  5221                           pclath	equ	0xFFA
  5222                           tblptru	equ	0xFF8
  5223                           tblptrh	equ	0xFF7
  5224                           tblptrl	equ	0xFF6
  5225                           tablat	equ	0xFF5
  5226                           prodh	equ	0xFF4
  5227                           prodl	equ	0xFF3
  5228                           intcon	equ	0xFF2
  5229                           postinc0	equ	0xFEE
  5230                           plusw0	equ	0xFEB
  5231                           fsr0h	equ	0xFEA
  5232                           fsr0l	equ	0xFE9
  5233                           wreg	equ	0xFE8
  5234                           postdec1	equ	0xFE5
  5235                           fsr1h	equ	0xFE2
  5236                           fsr1l	equ	0xFE1
  5237                           indf2	equ	0xFDF
  5238                           postinc2	equ	0xFDE
  5239                           postdec2	equ	0xFDD
  5240                           plusw2	equ	0xFDB
  5241                           fsr2h	equ	0xFDA
  5242                           fsr2l	equ	0xFD9
  5243                           status	equ	0xFD8
  5244                           
  5245                           	psect	temp
  5246  000051                     btemp:
  5247                           	opt stack 0
  5248  000051                     	ds	1
  5249  0000                     int$flags	set	btemp
  5250  0000                     wtemp6	set	btemp+1
  5251                           pclatu	equ	0xFFB
  5252                           pclath	equ	0xFFA
  5253                           tblptru	equ	0xFF8
  5254                           tblptrh	equ	0xFF7
  5255                           tblptrl	equ	0xFF6
  5256                           tablat	equ	0xFF5
  5257                           prodh	equ	0xFF4
  5258                           prodl	equ	0xFF3
  5259                           intcon	equ	0xFF2
  5260                           postinc0	equ	0xFEE
  5261                           plusw0	equ	0xFEB
  5262                           fsr0h	equ	0xFEA
  5263                           fsr0l	equ	0xFE9
  5264                           wreg	equ	0xFE8
  5265                           postdec1	equ	0xFE5
  5266                           fsr1h	equ	0xFE2
  5267                           fsr1l	equ	0xFE1
  5268                           indf2	equ	0xFDF
  5269                           postinc2	equ	0xFDE
  5270                           postdec2	equ	0xFDD
  5271                           plusw2	equ	0xFDB
  5272                           fsr2h	equ	0xFDA
  5273                           fsr2l	equ	0xFD9
  5274                           status	equ	0xFD8


Data Sizes:
    Strings     63
    Constant    0
    Data        14
    BSS         11
    Persistent  0
    Stack       0

Auto Spaces:
    Space          Size  Autos    Used
    COMRAM          126     55      80
    BANK0           128     71      71
    BANK1           256      0       0
    BANK2           256      0       0
    BANK3           256      0       0
    BANK4           256      0       0
    BANK5           256      0       0

Pointer List with Targets:

    frexp@eptr	PTR int  size(2) Largest target is 2
		 -> ceil@expon(BANK0[2]), 

    uart_write_date@F2414	PTR const unsigned char [7] size(2) Largest target is 10
		 -> STR_12(CODE[7]), STR_11(CODE[9]), STR_10(CODE[7]), STR_9(CODE[9]), 
		 -> STR_8(CODE[10]), STR_7(CODE[8]), STR_6(CODE[7]), 

    clock_update@t	PTR struct . size(2) Largest target is 7
		 -> t(COMRAM[7]), 

    dec_2_bcd@bcd	PTR unsigned char  size(2) Largest target is 5
		 -> uart_write_temperature@bcd(COMRAM[5]), uart_write_date@bcd(COMRAM[5]), uart_write_u16@bcd(COMRAM[5]), uart_write_u8@bcd(COMRAM[5]), 
		 -> uart_write_char@bcd(COMRAM[5]), lcd_2x16_write_u16@bcd(COMRAM[5]), lcd_2x16_write_u8@bcd(COMRAM[5]), lcd_2x16_write_s16@bcd(COMRAM[5]), 
		 -> lcd_2x16_write_s8@bcd(COMRAM[5]), lcd_2x16_write_2bcd@bcd(COMRAM[5]), 

    lcd_2x16_write_string@string	PTR const unsigned char  size(2) Largest target is 2
		 -> STR_5(CODE[2]), STR_4(CODE[2]), STR_3(CODE[2]), STR_2(CODE[2]), 
		 -> STR_1(CODE[2]), 


Critical Paths under _main in COMRAM

    _uart_init->___fttol
    _uart_init->___lltoft
    _ceil->___ftge
    _ceil->___fttol
    _ceil->___lltoft
    ___ftadd->___lltoft
    ___altoft->___fttol
    ___lltoft->___ftpack
    ___ftmul->___lltoft
    ___ftdiv->___lltoft
    _lcd_2x16_init->_lcd_2x16_write
    _lcd_2x16_write->_delay_us

Critical Paths under _timer2_irq in COMRAM

    _timer2_irq->_lcd_write_hour
    _uart_write_u8->_dec_2_bcd
    _lcd_write_hour->_lcd_2x16_write_2bcd
    _lcd_2x16_write_string->i2_lcd_2x16_write
    _lcd_2x16_write_2bcd->i2_lcd_2x16_write
    _lcd_2x16_position->i2_lcd_2x16_write
    i2_lcd_2x16_write->i2_delay_us

Critical Paths under _main in BANK0

    _main->_uart_init
    _uart_init->_ceil
    _ceil->___ftadd
    ___ftadd->___ftdiv
    ___altoft->___fttol
    ___ftmul->___lltoft
    ___ftdiv->___ftmul
    _lcd_2x16_init->_lcd_2x16_write

Critical Paths under _timer2_irq in BANK0

    None.

Critical Paths under _main in BANK1

    None.

Critical Paths under _timer2_irq in BANK1

    None.

Critical Paths under _main in BANK2

    None.

Critical Paths under _timer2_irq in BANK2

    None.

Critical Paths under _main in BANK3

    None.

Critical Paths under _timer2_irq in BANK3

    None.

Critical Paths under _main in BANK4

    None.

Critical Paths under _timer2_irq in BANK4

    None.

Critical Paths under _main in BANK5

    None.

Critical Paths under _timer2_irq in BANK5

    None.

Call Graph Tables:

 ---------------------------------------------------------------------------------
 (Depth) Function   	        Calls       Base Space   Used Autos Params    Refs
 ---------------------------------------------------------------------------------
 (0) _main                                                 0     0      0   50927
                      _lcd_2x16_init
                        _timer2_init
                          _uart_init
 ---------------------------------------------------------------------------------
 (1) _uart_init                                           13     7      6   31282
                                             58 BANK0     13     7      6
                            ___ftadd
                            ___ftdiv
                            ___ftmul
                            ___fttol
                           ___lltoft
                               _ceil
                           _delay_ms
 ---------------------------------------------------------------------------------
 (2) _ceil                                                 8     5      3   14434
                                             50 BANK0      8     5      3
                           ___altoft
                            ___ftadd
                            ___ftdiv (ARG)
                             ___ftge
                            ___ftmul (ARG)
                            ___fttol
                           ___lltoft (ARG)
                              _frexp
 ---------------------------------------------------------------------------------
 (3) _frexp                                                7     2      5     360
                                             46 COMRAM     7     2      5
 ---------------------------------------------------------------------------------
 (3) ___fttol                                             15    11      4     551
                                             46 COMRAM     9     5      4
                                              0 BANK0      6     6      0
 ---------------------------------------------------------------------------------
 (3) ___ftge                                               9     3      6    5000
                                             46 COMRAM     9     3      6
 ---------------------------------------------------------------------------------
 (3) ___ftadd                                             12     6      6    4818
                                             38 BANK0     12     6      6
                            ___ftdiv (ARG)
                            ___ftmul (ARG)
                           ___ftpack
                           ___lltoft (ARG)
 ---------------------------------------------------------------------------------
 (3) ___altoft                                            10     6      4    3247
                                              6 BANK0     10     6      4
                           ___ftpack
                            ___fttol (ARG)
 ---------------------------------------------------------------------------------
 (2) ___lltoft                                             9     5      4    3145
                                             54 COMRAM     1     1      0
                                              0 BANK0      8     4      4
                           ___ftpack
 ---------------------------------------------------------------------------------
 (2) ___ftmul                                             15     9      6    3761
                                              8 BANK0     15     9      6
                           ___ftpack
                           ___lltoft (ARG)
 ---------------------------------------------------------------------------------
 (2) ___ftdiv                                             15     9      6    3693
                                             23 BANK0     15     9      6
                            ___ftmul (ARG)
                           ___ftpack
                           ___lltoft (ARG)
 ---------------------------------------------------------------------------------
 (4) ___ftpack                                             8     3      5    2953
                                             46 COMRAM     8     3      5
 ---------------------------------------------------------------------------------
 (1) _timer2_init                                          4     2      2     120
                                             46 COMRAM     4     2      2
 ---------------------------------------------------------------------------------
 (1) _lcd_2x16_init                                        0     0      0   19525
                           _delay_ms
                     _lcd_2x16_write
 ---------------------------------------------------------------------------------
 (2) _lcd_2x16_write                                       6     3      3   18955
                                             52 COMRAM     3     0      3
                                              0 BANK0      3     3      0
                           _delay_us
 ---------------------------------------------------------------------------------
 (3) _delay_us                                             6     4      2     266
                                             46 COMRAM     6     4      2
 ---------------------------------------------------------------------------------
 (2) _delay_ms                                             6     4      2     570
                                             46 COMRAM     6     4      2
 ---------------------------------------------------------------------------------
 Estimated maximum stack depth 4
 ---------------------------------------------------------------------------------
 (Depth) Function   	        Calls       Base Space   Used Autos Params    Refs
 ---------------------------------------------------------------------------------
 (5) _timer2_irq                                          18    18      0   18370
                                             28 COMRAM    18    18      0
                       _clock_update
                     _lcd_write_hour
                      _uart_write_u8
 ---------------------------------------------------------------------------------
 (6) _uart_write_u8                                        8     6      2   11120
                                              4 COMRAM     8     6      2
                          _dec_2_bcd
                         _uart_write
 ---------------------------------------------------------------------------------
 (7) _uart_write                                           2     1      1    7568
                                              0 COMRAM     2     1      1
 ---------------------------------------------------------------------------------
 (6) _lcd_write_hour                                       9     0      9    6998
                                             19 COMRAM     9     0      9
                  _lcd_2x16_position
                _lcd_2x16_write_2bcd
              _lcd_2x16_write_string
 ---------------------------------------------------------------------------------
 (7) _lcd_2x16_write_string                                2     0      2    1153
                                             12 COMRAM     2     0      2
                   i2_lcd_2x16_write
 ---------------------------------------------------------------------------------
 (7) _lcd_2x16_write_2bcd                                  7     5      2    4439
                                             12 COMRAM     7     5      2
                          _dec_2_bcd
                   i2_lcd_2x16_write
 ---------------------------------------------------------------------------------
 (7) _dec_2_bcd                                            4     0      4    3070
                                              0 COMRAM     4     0      4
 ---------------------------------------------------------------------------------
 (7) _lcd_2x16_position                                    2     1      1    1066
                                             12 COMRAM     2     1      1
                   i2_lcd_2x16_write
 ---------------------------------------------------------------------------------
 (8) i2_lcd_2x16_write                                     6     3      3     728
                                              6 COMRAM     6     3      3
                         i2_delay_us
 ---------------------------------------------------------------------------------
 (9) i2_delay_us                                           6     4      2     166
                                              0 COMRAM     6     4      2
 ---------------------------------------------------------------------------------
 (6) _clock_update                                         3     1      2     252
                                              0 COMRAM     3     1      2
 ---------------------------------------------------------------------------------
 Estimated maximum stack depth 9
 ---------------------------------------------------------------------------------

 Call Graph Graphs:

 _main (ROOT)
   _lcd_2x16_init
     _delay_ms
     _lcd_2x16_write
       _delay_us
   _timer2_init
   _uart_init
     ___ftadd
       ___ftdiv (ARG)
         ___ftmul (ARG)
           ___ftpack
           ___lltoft (ARG)
             ___ftpack
         ___ftpack (ARG)
         ___lltoft (ARG)
           ___ftpack
       ___ftmul (ARG)
         ___ftpack
         ___lltoft (ARG)
           ___ftpack
       ___ftpack (ARG)
       ___lltoft (ARG)
         ___ftpack
     ___ftdiv
       ___ftmul (ARG)
         ___ftpack
         ___lltoft (ARG)
           ___ftpack
       ___ftpack (ARG)
       ___lltoft (ARG)
         ___ftpack
     ___ftmul
       ___ftpack
       ___lltoft (ARG)
         ___ftpack
     ___fttol
     ___lltoft
       ___ftpack
     _ceil
       ___altoft
         ___ftpack
         ___fttol (ARG)
       ___ftadd
         ___ftdiv (ARG)
           ___ftmul (ARG)
             ___ftpack
             ___lltoft (ARG)
               ___ftpack
           ___ftpack (ARG)
           ___lltoft (ARG)
             ___ftpack
         ___ftmul (ARG)
           ___ftpack
           ___lltoft (ARG)
             ___ftpack
         ___ftpack (ARG)
         ___lltoft (ARG)
           ___ftpack
       ___ftdiv (ARG)
         ___ftmul (ARG)
           ___ftpack
           ___lltoft (ARG)
             ___ftpack
         ___ftpack (ARG)
         ___lltoft (ARG)
           ___ftpack
       ___ftge (ARG)
       ___ftmul (ARG)
         ___ftpack
         ___lltoft (ARG)
           ___ftpack
       ___fttol (ARG)
       ___lltoft (ARG)
         ___ftpack
       _frexp (ARG)
     _delay_ms

 _timer2_irq (ROOT)
   _clock_update
   _lcd_write_hour
     _lcd_2x16_position
       i2_lcd_2x16_write
         i2_delay_us
     _lcd_2x16_write_2bcd
       _dec_2_bcd
       i2_lcd_2x16_write
         i2_delay_us
     _lcd_2x16_write_string
       i2_lcd_2x16_write
         i2_delay_us
   _uart_write_u8
     _dec_2_bcd
     _uart_write

 Address spaces:
Name               Size   Autos  Total    Cost      Usage
BIGRAM             5FF      0       0      17        0.0%
EEDATA             100      0       0       0        0.0%
BITBANK5           100      0       0      16        0.0%
BANK5              100      0       0      14        0.0%
BITBANK4           100      0       0      12        0.0%
BANK4              100      0       0      13        0.0%
BITBANK3           100      0       0      10        0.0%
BANK3              100      0       0      11        0.0%
BITBANK2           100      0       0       8        0.0%
BANK2              100      0       0       9        0.0%
BITBANK1           100      0       0       6        0.0%
BANK1              100      0       0       7        0.0%
BITBANK0            80      0       0       4        0.0%
BANK0               80     47      47       5       55.5%
BITCOMRAM           7E      0       0       0        0.0%
COMRAM              7E     37      50       1       63.5%
BITSFR               0      0       0     200        0.0%
SFR                  0      0       0     200        0.0%
STACK                0      0       0       2        0.0%
NULL                 0      0       0       0        0.0%
ABS                  0      0      97      15        0.0%
DATA                 0      0      97       3        0.0%
CODE                 0      0       0       0        0.0%


Microchip Technology PIC18 Macro Assembler V1.44 build -154322312 
Symbol Table                                                                                   Sat Dec 16 21:44:00 2017

                                                             ___altoft@exp 008E  
                                                                        _t 004A  
                                                     lcd_2x16_position@pos 000D  
                                                           uart_write@data 0001  
                                                           ??_clock_update 0003  
                                                            ___altoft@sign 008F  
                                                                       l57 15DA  
                                                              __CFG_OSC$HS 000000  
                                                             ___ftadd@exp1 00B1  
                                                             ___ftadd@exp2 00B0  
                                                             ___ftadd@sign 00AF  
                                                                      l811 0AFC  
                                                                      l812 0BB8  
                                                                      l813 0B10  
                                                                      l814 0B2C  
                                                                      l494 1134  
                                                                      l903 0770  
                                                                      l815 0BAA  
                                                                      l840 11CC  
                                                                      l904 0764  
                                                                      l833 1174  
                                                                      l921 123C  
                                                                      l834 1168  
                                                                      l930 0D04  
                                                                      l906 0798  
                                                                      l922 126E  
                                                                      l915 0EEA  
                                                                      l931 0D38  
                                                                      l907 07B6  
                                                                      l836 11AC  
                                                                      l916 0F2A  
                                                                      l932 0D4A  
                                                                      l908 07E8  
                                                                      l837 1194  
                                                                      l917 0F52  
                                                                      l693 146C  
                                                                      l934 0D64  
                                                                      l694 145E  
                                                                      l839 11D8  
                                                                      l935 0D76  
                                                                      l951 0E40  
                                                                      l880 069A  
                                                                      l960 0E8A  
                                                                      l952 0E2E  
                                                                      l864 13D2  
                                                                      l884 06C8  
                                                                      l957 0E6A  
                                                                      l894 072A  
                                                                      l958 0E5C  
                                                                      l895 071E  
                                                                      l889 0736  
                                                                      _PR2 000FCB  
                                                        _lcd_2x16_position 12A6  
                                                   lcd_2x16_position@ligne 000E  
                                                                      wreg 000FE8  
                                                               i2_delay_us 1724  
                                                       ?_lcd_2x16_position 000D  
                                                  ??_lcd_2x16_write_string 000F  
                                                             __CFG_LVP$OFF 000000  
                                                             ___ftdiv@cntr 00A0  
                                                             ___ftdiv@sign 00A5  
                                                             __CFG_WDT$OFF 000000  
                                                                     l1006 1548  
                                                                     l1007 1538  
                                                                     l3150 16F0  
                                                                     l3156 1702  
                                                                     l3068 1432  
                                                                     l4252 1204  
                                                                     l2920 16C4  
                                                                     l2914 16B2  
                                                                     l4338 080E  
                                                                     l2852 129C  
                                                                     l4470 0F84  
                                                                     l4518 0DB0  
                                                                     l2854 12A0  
                                                                     l4384 0E9C  
                                                                     STR_1 063C  
                                                                     STR_3 063A  
                                                                     STR_4 063E  
                                                                     STR_5 063E  
                                                                     STR_6 062C  
                                                                     STR_7 061D  
                                                                     STR_8 0601  
                                                                     STR_9 0614  
                                                                     u3230 1714  
                                                                     u3240 171E  
                                                                     u5010 0E48  
                                                                     u5100 0872  
                                                                     u5020 0E72  
                                                                     _PIE1 000F9D  
                                                                     u5200 0918  
                                                                     u5040 081E  
                                                                     u2570 16D6  
                                                                     u5130 089C  
                                                                     u5115 0876  
                                                                     u2580 16E0  
                                                                     u5220 0934  
                                                                     u5125 0886  
                                                                     u5301 0EB6  
                                                                     u5070 0848  
                                                                     u5215 091C  
                                                                     u5055 0822  
                                                                     u5240 0942  
                                                                     u5160 08C6  
                                                                     u5145 08A0  
                                                                     u5065 0832  
                                                                     u5321 0ED0  
                                                                     u5330 0EDA  
                                                                     u5235 0938  
                                                                     u5155 08B0  
                                                                     u5180 08F2  
                                                                     u4700 11E4  
                                                                     u5085 084C  
                                                                     u2870 13FC  
                                                                     u5255 0946  
                                                                     u5175 08CA  
                                                                     u5095 085C  
                                                                     u5351 0CD0  
                                                                     u5280 0B1E  
                                                                     u5195 08F6  
                                                                     u5371 0CEA  
                                                                     u4660 1158  
                                                                     u5380 0CF4  
                                                                     u4820 06B8  
                                                                     u2878 1400  
                                                                     u4751 0656  
                                                                     u4920 077A  
                                                                     u4761 066A  
                                                                     u4850 06FA  
                                                                     i2l51 00B8  
                                                                     u4790 068A  
                                                                     u4961 0DC8  
                                                                     u4890 0740  
                                                                     u4980 0DF4  
                                                                     u4985 0DEA  
                                                      ??_lcd_2x16_position 000E  
                                                                     _ceil 0AAE  
                                                   __end_of_lcd_write_hour 1626  
                                                                     _main 1598  
                                                             ___ftpack@arg 002F  
                                                             ___ftpack@exp 0032  
                                                                     fsr0h 000FEA  
                                                                     fsr1h 000FE2  
                                                                     fsr2h 000FDA  
                                                                     fsr0l 000FE9  
                                                                     indf2 000FDF  
                                                                     fsr1l 000FE1  
                                                                     fsr2l 000FD9  
                                                          lcd_write_hour@t 0014  
                                                                     btemp 0051  
                                                  __size_of_lcd_2x16_write 0154  
                                                          ??_uart_write_u8 0007  
                                                                     prodh 000FF4  
                                                                     prodl 000FF3  
                                                     uart_write_u8@uart_id 000C  
                                                                     start 0108  
                                                         uart_write_u8@bcd 0007  
                                                         uart_write_u8@opt 0006  
                                                             ___ftmul@cntr 0095  
                                                             ___param_bank 000000  
                                                             ___ftmul@sign 0096  
                                                        timer2_irq@CntTmr1 0048  
                                                             ___fttol@exp1 0085  
                                                             ___fttol@lval 0081  
                                                                    ?_ceil 00B2  
                                                __end_of_lcd_2x16_position 132E  
                                                                    ?_main 0001  
                                                          __end_of___ftadd 0814  
                                                                    STR_10 0625  
                                                                    STR_11 060B  
                                                                    STR_12 0633  
                                                          __end_of___ftdiv 0F8A  
                                                          __end_of___ftmul 0DB6  
                                                          __end_of___fttol 0EA2  
                                                                    _LATA0 007C48  
                                                                    _LATB0 007C50  
                                                                    _LATB1 007C51  
                                                                    _LATB2 007C52  
                                                                    _LATB3 007C53  
                                                                    _LATC2 007C5A  
                                                                    _LATB4 007C54  
                                                                    _LATB5 007C55  
                                                                    _LATC3 007C5B  
                                                                    _LATC4 007C5C  
                                                                    _LATC5 007C5D  
                                                                    i2l131 130C  
                                                                    i2l132 12AC  
                                                                    i2l133 1328  
                                                                    i2l134 12C4  
                                                                    i2l230 0C0E  
                                                                    i2l135 12DC  
                                                                    i2l143 168C  
                                                                    i2l136 12F4  
                                                                    i2l232 0C4E  
                                                                    i2l144 166C  
                                                                    i2l233 0C36  
                                                                    i2l235 0C76  
                                                                    i2l236 0C5E  
                                                                    i2l229 0C26  
                                                                    i2l501 17E2  
                                                                    i2l238 0C9E  
                                                                    i2l239 0C86  
                                                                    i2l530 14E2  
                                                                    i2l531 14F6  
                                                                    i2l460 1390  
                                                                    i2l532 151E  
                                                                    i2l533 152A  
                                                                    i2l462 13AE  
                                                                    i2l459 139C  
                                                                    _RCREG 000FAE  
                                                         i2_lcd_2x16_write 0968  
                                                                    _SPBRG 000FAF  
                                                                    _TRISA 000F92  
                                                                    _TRISB 000F93  
                                                                    _TRISC 000F94  
                                                                    _TXREG 000FAD  
                                                             ___lltoft@exp 0037  
                                                        uart_write@uart_id 0002  
                                                                    ceil@i 00B5  
                                                                    ceil@x 00B2  
                                                                    _frexp 13B4  
                                                                    _errno 0046  
                                                            ___ftpack@sign 0033  
                                                        timer2_init@scaler 0032  
                                                                    pclath 000FFA  
                                                                    tablat 000FF5  
                                                                    plusw0 000FEB  
                                                                    plusw2 000FDB  
                                                                    status 000FD8  
                                                          ?_lcd_write_hour 0014  
                                                                    wtemp6 0052  
                                                              i2delay_us@i 0003  
                                                              i2delay_us@k 0005  
                                                        uart_write_u8@data 0005  
                                                          __initialization 1762  
                                                             __end_of_ceil 0BBE  
                                                             __end_of_main 15E0  
                                                     uart_write_date@F2414 0038  
                                                                   ??_ceil 0038  
                                                                   ??_main 0038  
                                                      _lcd_2x16_write_2bcd 1626  
                                                            ___fttol@sign1 0080  
                                                    __end_of_lcd_2x16_init 1070  
                                                            __activetblptr 000002  
                                                              ?i2_delay_us 0001  
                                                                   _ADCON1 000FC1  
                                                                   ?_frexp 002F  
                                                         __end_of___altoft 14BA  
                                                         __end_of___ftpack 120A  
                                                         __end_of___lltoft 1598  
                                                                   i2l2900 1740  
                                                     __end_of_clock_update 13B4  
                                                                   i2l2960 0C88  
                                                                   i2l2954 0C60  
                                                                   i2l2894 172E  
                                                                   _INTCON 000FF2  
                                                     ?_lcd_2x16_write_2bcd 000D  
                                                                   _TRISB0 007C98  
                                                                   _TRISB1 007C99  
                                                                   _TRISB2 007C9A  
                                                                   _TRISB3 007C9B  
                                                                   _TRISB4 007C9C  
                                                                   _TRISC2 007CA2  
                                                                   _TRISB5 007C9D  
                                                                   _TRISC3 007CA3  
                                                                   _TRISC4 007CA4  
                                                                   _TRISC5 007CA5  
                                                         __end_of_delay_ms 1724  
                                                         __end_of_delay_us 16E6  
                                                     i2lcd_2x16_write@data 0007  
                                                         lcd_2x16_write@rs 0037  
                                                                   ___ftge 120A  
                                                                ??___ftadd 00AC  
                                                                ??___ftdiv 009D  
                                                                ??___ftmul 008E  
                                                                ??___fttol 0033  
                                                             ?_timer2_init 002F  
                                                                   clear_0 1788  
                                               __size_of_lcd_2x16_position 0088  
                                                        lcd_write_hour@pos 001C  
                                                    ___ftmul@f3_as_product 0092  
                                                             __pdataCOMRAM 0038  
                                                             __mediumconst 0000  
                                                                   tblptrh 000FF7  
                                                                   tblptrl 000FF6  
                                                                   tblptru 000FF8  
                                                    ??_lcd_2x16_write_2bcd 000F  
                                                               __accesstop 0080  
                                                  __end_of__initialization 178E  
                                                               ___altoft@c 0086  
                                                       __size_of_dec_2_bcd 00FE  
                                                               ___ftadd@f1 00A6  
                                                               ___ftadd@f2 00A9  
                                                               ___ftge@ff1 002F  
                                                               ___ftge@ff2 0032  
                                                           _lcd_2x16_write 0814  
                                                            ___rparam_used 000001  
                                                               ___ftdiv@f1 0097  
                                                               ___ftdiv@f2 009A  
                                                               ___ftdiv@f3 00A1  
                                                               ___ftmul@f1 0088  
                                                               ___ftmul@f2 008B  
                                                               ___fttol@f1 002F  
                                                           __pcstackCOMRAM 0001  
                                              lcd_2x16_write_string@string 000D  
                                                      __size_ofi2_delay_us 003E  
                                                               ___lltoft@c 0080  
                                                            __end_of_frexp 1438  
                                                             dec_2_bcd@bcd 0003  
                                                             dec_2_bcd@dec 0001  
                                                                  ??_frexp 0034  
                                           __size_of_lcd_2x16_write_string 0040  
                                            __end_of_lcd_2x16_write_string 16A8  
                                                   __end_of_lcd_2x16_write 0968  
                                                 __end_ofi2_lcd_2x16_write 0AAE  
                                                                  ?___ftge 002F  
                                                                ?___altoft 0086  
                                                                ?___ftpack 002F  
                                                                ?___lltoft 0080  
                                                        __end_of_dec_2_bcd 0CBC  
                                                       __size_of_uart_init 00D6  
                                                                ?_delay_ms 002F  
                                                                ?_delay_us 002F  
                                                    __size_of_clock_update 0086  
                                                         ??_lcd_write_hour 001D  
                                                          ?_lcd_2x16_write 0035  
                                                                  __Hparam 0000  
                                                                  __Lparam 0000  
                                                    __end_of_uart_write_u8 1530  
                                                          __size_of___ftge 009C  
                                                                  ___ftadd 0642  
                                                                  ___ftdiv 0EA2  
                                                                  ___ftmul 0CBC  
                                                                  ___fttol 0DB6  
                                                             __psmallconst 0600  
                                                               ??___altoft 008A  
                                                                  __pcinit 1762  
                                                               ??___ftpack 0034  
                                                             _clock_update 132E  
                                                                  __ramtop 0600  
                                                               ??___lltoft 0084  
                                                                  __ptext0 1598  
                                                                  __ptext1 1070  
                                                                  __ptext2 0AAE  
                                                                  __ptext3 13B4  
                                                                  __ptext4 0DB6  
                                                                  __ptext5 120A  
                                                                  __ptext6 0642  
                                                                  __ptext7 1438  
                                                                  __ptext8 1530  
                                                                  __ptext9 0CBC  
                                                     __size_of_timer2_init 0032  
                                                                _T0CONbits 000FD5  
                                                                _T2CONbits 000FCA  
                                                             ??i2_delay_us 0003  
                                                               ??_delay_ms 0031  
                                                               ??_delay_us 0031  
                                                     end_of_initialization 178E  
                                                            __Lmediumconst 0000  
                                                  lcd_2x16_write_2bcd@data 000D  
                                                        __end_of_uart_init 1146  
                                                                _RCSTAbits 000FAB  
                                                                  postdec1 000FE5  
                                                                  postdec2 000FDD  
                                                               _timer2_irq 0008  
                                                                  postinc0 000FEE  
                                                                  postinc2 000FDE  
                                                       __end_ofi2_delay_us 1762  
                                                         uart_init@uart_id 00C6  
                                                               _uart_write 17CE  
                                                                _TRISCbits 000F94  
                                                              ___ftdiv@exp 00A4  
                                                                _TXSTAbits 000FAC  
                                                   __size_of_lcd_2x16_init 00E6  
                                                              ___ftmul@exp 0091  
                                                           __end_of___ftge 12A6  
                                                            __pidataCOMRAM 17E8  
                                                       i2lcd_2x16_write@rs 0009  
                                                         timer2_init@timer 002F  
                                                      start_initialization 1762  
                                              __end_of_lcd_2x16_write_2bcd 1668  
                                                               frexp@value 002F  
                                                        ?i2_lcd_2x16_write 0007  
                                                                 ??___ftge 0035  
                                                       ??i2_lcd_2x16_write 000A  
                                                              ?_timer2_irq 0001  
                                                              ?_uart_write 0001  
                                                        __size_of___altoft 0082  
                                                            _lcd_2x16_init 0F8A  
                                                        __size_of___ftpack 00C4  
                                                        __size_of___lltoft 0068  
                                                              __pbssCOMRAM 0046  
                                                            __pcstackBANK0 0080  
                                                         ??_lcd_2x16_write 0080  
                                                                _dec_2_bcd 0BBE  
                                                        __size_of_delay_ms 003E  
                                                        __size_of_delay_us 003E  
                                                           _uart_init$1710 00C3  
                                                    _lcd_2x16_write_string 1668  
                                                                __pintcode 0008  
                                                                 ?___ftadd 00A6  
                                                                 ?___ftdiv 0097  
                                                                 ?___ftmul 0088  
                                                                 ?___fttol 002F  
                                                           ?_lcd_2x16_init 0001  
                                                              __smallconst 0600  
                                                                ceil@expon 00B8  
                                                               ?_dec_2_bcd 0001  
                                                           __size_of_frexp 0084  
                                                      __size_of_timer2_irq 0100  
                                                      __size_of_uart_write 001A  
                                                                delay_ms@i 0031  
                                                                delay_ms@k 0033  
                                                                delay_us@i 0031  
                                                                delay_us@k 0033  
                                                                 _PIE1bits 000F9D  
                                                   lcd_2x16_write_2bcd@bcd 000F  
                                                                 i2u300_45 0976  
                                                                 i2u301_45 0984  
                                                                 i2u302_40 099A  
                                                                 i2u310_45 09FC  
                                                                 i2u311_40 0A12  
                                                                 i2u303_45 099E  
                                                                 i2u320_45 0A8C  
                                                                 i2u312_45 0A16  
                                                                 i2u304_45 09AC  
                                                                 i2u313_40 0A3C  
                                                                 i2u305_40 09C2  
                                                                 i2u314_45 0A40  
                                                                 i2u306_45 09C6  
                                                                 i2u315_40 0A60  
                                                                 i2u307_45 09D4  
                                                                 i2u308_40 09EA  
                                                                 i2u316_45 0A64  
                                                                 i2u253_40 1752  
                                                                 i2u317_40 0A7A  
                                                                 i2u309_45 09EE  
                                                                 i2u254_40 175C  
                                                                 i2u318_45 0A7E  
                                                                 i2u319_40 0A88  
                                                                 i2u352_40 17D8  
                                                                 _PIR1bits 000F9E  
                                                                 i2u376_40 0072  
                                                                 i2u377_45 0076  
                                                                 i2u378_41 0082  
                                                                 i2u299_40 0972  
                                                                 _RCONbits 000FD0  
                                                                _uart_init 1070  
                                                            ??_timer2_init 0031  
                                                   __size_of_uart_write_u8 0076  
                                                             delay_ms@loop 002F  
                                                                copy_data0 1776  
                                                   ?_lcd_2x16_write_string 000D  
                                                             delay_us@loop 002F  
                                                                frexp@eptr 0032  
                                                       lcd_2x16_write@data 0035  
                                                                 __Hrparam 0000  
                                                  __size_of_lcd_write_hour 0046  
                                                                 __Lrparam 0000  
                                                               ?_uart_init 00BA  
                                                         __size_of___ftadd 01D2  
                                                         __size_of___ftdiv 00E8  
                                                                 ___altoft 1438  
                                                         __size_of___ftmul 00FA  
                                                         __size_of___fttol 00EC  
                                                          ??_lcd_2x16_init 0038  
                                                                 ___ftpack 1146  
                                                                 ___lltoft 1530  
                                                      __end_of_timer2_init 17CE  
                                                        uart_init@UART_BRG 00C0  
                                                                 _delay_ms 16E6  
                                                                 _delay_us 16A8  
                                                              ??_dec_2_bcd 0005  
                                                                 __ptext10 0EA2  
                                                                 __ptext11 1146  
                                                                 __ptext20 15E0  
                                                                 __ptext12 179C  
                                                                 __ptext21 1668  
                                                                 __ptext13 0F8A  
                                                                 __ptext22 1626  
                                                                 __ptext14 0814  
                                                                 __ptext23 0BBE  
                                                                 __ptext15 16A8  
                                                                 __ptext24 12A6  
                                                                 __ptext16 16E6  
                                                                 __ptext25 0968  
                                                                 __ptext26 1724  
                                                                 __ptext18 14BA  
                                                                 __ptext27 132E  
                                                                 __ptext19 17CE  
                                                            __size_of_ceil 0110  
                                                            __size_of_main 0048  
                                                            _uart_write_u8 14BA  
                                                             ??_timer2_irq 001D  
                                                                 int$flags 0051  
                                                      lcd_write_hour@ligne 001B  
                                                             ??_uart_write 0002  
                                                __size_ofi2_lcd_2x16_write 0146  
                                                               _INTCONbits 000FF2  
                                                                 intlevel2 17F6  
                                                       __end_of_timer2_irq 0108  
                                                        uart_init@baudrate 00BA  
                                             __size_of_lcd_2x16_write_2bcd 0042  
                                                       __end_of_uart_write 17E8  
                                                           ?_uart_write_u8 0005  
                                                            clock_update@t 0001  
                                                              ??_uart_init 0038  
                                                              _timer2_init 179C  
                                                            ?_clock_update 0001  
                                                             uart_init@opt 00BE  
                                                           i2delay_us@loop 0001  
                                                           _lcd_write_hour 15E0  
